,0,1,2,3,4,5
0,-0.11018686135588655,1.5010093790724948,0.8927742172254589,-2.4982541404982195,-3.7146196048341116,49.509277010390264
1,0.2202669555548317,1.8811184571889297,0.9291286489936937,-2.539301421513779,-3.664046840889739,49.46283420066606
2,0.519681932919683,2.1670504579634944,0.9149100473906626,-2.5592995397015246,-3.6098877359365527,49.41754483736424
3,0.37753075185922497,2.1645817708367363,0.8445621870112595,-2.5579777222229323,-3.552110167960185,49.37341318047589
4,0.4543635894345462,1.8993842840515098,0.7221275446945183,-2.5354936389458107,-3.4908252692267507,49.330443489991985
5,-0.6097268002631857,1.611642997745625,0.5577842770913641,-2.4921691864217177,-3.4261713140557433,49.28864002590365
6,0.5255425115671973,1.4400693525553059,0.36309968848581686,-2.428430366816577,-3.3582882339936195,49.24800704820188
7,0.015167852319357926,1.107922851009798,0.15044111883587383,-2.3447636151616513,-3.287317023881124,49.208548816877745
8,-0.2381367482543977,0.6813215452329802,-0.06837172636932583,-2.241683983972661,-3.2133986785588653,49.17026959192227
9,0.08989854110157487,0.23509980182414145,-0.28176133854350904,-2.1197364448411995,-3.1366741928675053,49.1331736333265
10,-0.18144104815290402,-0.16090453404274646,-0.47810435793334843,-1.9795306993047082,-3.057284561647775,49.097265201081484
11,-0.05938408069960993,-0.5303398210520647,-0.6454299308520978,-1.8220239428341833,-2.975370779740324,49.06254855517828
12,0.47005354015430456,-0.9280670792628021,-0.7711726452231379,-1.6487679292904942,-2.891073841985788,49.029027955607916
13,-0.060546088973335695,-1.357545328658969,-0.8423628690022952,-1.461718632501956,-2.804534743224938,48.996707662361494
14,-0.5790363524320087,-1.5203703929010584,-0.8471634685349332,-1.2631272432636353,-2.715894478298308,48.96559193542994
15,0.23860556689681275,-1.1309877721118,-0.7824432379556255,-1.0555655495871317,-2.625294042046642,48.935685034804386
16,0.3787688232791269,-0.46151893388338255,-0.6594933873206904,-0.841873293240285,-2.532874429310637,48.90699122047587
17,-0.12836380280033713,0.26543669155378163,-0.49286399762555255,-0.6249470086323738,-2.4387766349309623,48.87951475243544
18,0.12664631572207438,0.7280238273903072,-0.2971041535107364,-0.40768422652753566,-2.3431416537482264,48.85325989067411
19,0.06339470973078158,0.894229405595923,-0.08676205221667867,-0.19298247768979956,-2.2461104806031535,48.82823089518293
20,0.2248057469511001,0.789606232150613,0.12271939816496788,0.01626070711676476,-2.1478241103364337,48.80443202595299
21,-0.04260585149780845,0.4303411780615099,0.3116728711217324,0.2171477971279652,-2.0484235377886817,48.781867542975284
22,0.14238487950850198,-0.1682432586796528,0.4565851691510649,0.4067812615797932,-1.9480497578006146,48.76054170624091
23,-0.2081573084834351,-0.5010461160127428,0.5333142065722951,0.5822742073959281,-1.8468437652128682,48.74045877574082
24,-0.2748828840005394,-0.3928457339444283,0.5300742826295368,0.7409778787154467,-1.7449465548661802,48.721623011466164
25,0.29106287561786187,0.004843852769867221,0.4612134273343222,0.881340292471174,-1.6424991216011862,48.704038673407965
26,-0.17421222706490597,0.23521556927589984,0.3476469873882446,1.003282109102049,-1.5396424602584329,48.68771002155715
27,0.10400608378495754,0.28300834680007475,0.20952914817481086,1.107332671014069,-1.4365175656788147,48.6726413159049
28,0.03171131411131414,0.16096414088356606,0.06737248828234212,1.1943805821185824,-1.3332653418380473,48.658836816442246
29,0.21921873140978818,-0.11259317710263082,-0.05858551937117394,1.2656852666757936,-1.2300260847719968,48.64630078316022
30,-0.41589449948472823,-0.2766951625342594,-0.14831591193306826,1.3228069919328682,-1.126938894030653,48.635037476049845
31,0.47301336505439384,-0.22382855333424287,-0.18775289062415698,1.3676591000711842,-1.024142176269319,48.62505115510214
32,0.18180640796964645,-0.08646797906083221,-0.18231427121325433,1.40240422196245,-0.9217744599661957,48.616346080308176
33,-0.4855361788793561,-0.015416612455276708,-0.14745264166131195,1.4294532573168197,-0.8199743359798825,48.60892651165901
34,0.010627804194426889,0.2181739238442,-0.10414443122666618,1.4514263091783635,-0.7188803151360262,48.60279670914571
35,0.020404602294416107,0.3480723695941256,-0.06878592550818594,1.4709817209263016,-0.61863370006594,48.59796093275928
36,0.2993838750982152,0.3502214523921705,-0.055085593767369906,1.4904443604828432,-0.5193875366966212,48.59442344249076
37,0.3763034400238398,0.13062895803442348,-0.06914341190028817,1.5113165231339,-0.42129400762312175,48.59218849833124
38,-0.44081427693989145,-0.17330945522727664,-0.1065968882889708,1.5339572764997689,-0.3244970163153081,48.59126036027168
39,-0.05451503752237252,-0.3264663234636694,-0.15929584043673414,1.5577609273040254,-0.22912701418453582,48.59164328830329
40,0.35852535946832564,-0.31045457058554166,-0.21749905421920504,1.5813763946197816,-0.13528967170030345,48.59334154241694
41,-0.22265293829225466,-0.1499160313563558,-0.2737442118584274,1.6030219734411346,-0.043068174537847906,48.59635938260375
42,-0.08718376037426342,0.03521203077692828,-0.32684413381158534,1.6206317557979153,0.04748303875621939,48.60070106885479
43,0.20166056062683618,0.1614741075760278,-0.37758117437291555,1.63173805583728,0.13633758917175223,48.60637086116102
44,-0.03884856843473968,0.18384794368921542,-0.4252040968703578,1.633334857376466,0.22349684472583342,48.61337301951358
45,-0.2580555726131004,0.06259591158683508,-0.4572330461212993,1.6219927015214886,0.30898820172262587,48.62171180390345
46,0.38233802627330304,-0.08754544774666749,-0.44364162192402995,1.5946009524051306,0.39285661667055166,48.63139147432171
47,-0.4195103718970512,-0.1727824883894503,-0.3545833653972036,1.5493059051297189,0.47515402979457605,48.64241629075941
48,0.3015091320946634,0.028791930210569236,-0.17660993448617995,1.485585583521987,0.5559327754514062,48.65479051320755
49,0.26150856061851396,0.19516311918978801,0.08628859676051334,1.4032785066187143,0.6352428151552784,48.66851840165719
50,0.04263585135911796,0.05481450701681115,0.4135656162119511,1.3022452141892147,0.7131345951234919,48.68360421609941
51,-0.3028861023278856,-0.29892370605419627,0.7297527842803397,1.1823422625735984,0.7896625450028828,48.70005221652526
52,-0.15091695941507174,-0.43567382533790466,0.9404168192752185,1.0434242187606244,0.8648830837914412,48.717866662925694
53,0.2112846752136578,-0.301916934931436,0.9888533673026588,0.8858741788663965,0.9388528982568403,48.737051815291885
54,-0.35331540227795055,0.24950094261922381,0.8619663942461963,0.7126074566308672,1.0116286751668684,48.7576119336148
55,0.5386330536863352,0.7882001061757676,0.5616121781317062,0.5287362828314989,1.0832671012892392,48.77955127788545
56,0.10195216133164572,0.6425665158657938,0.10899243303503604,0.3397899182809222,1.1538248633916124,48.80287410809498
57,0.5080214321065263,-0.24551286384713047,-0.4047495245273648,0.1512976237918087,1.2233586482418033,48.82758468423435
58,-0.8397505834267966,-0.9642427217837638,-0.870407763868345,-0.03121133982321783,1.2919251426074239,48.8536872662947
59,0.43492314607026594,-0.9406225720452197,-1.182860009796778,-0.20220771175153351,1.3595810332563172,48.88118611426695
60,0.5604763152902141,-0.41615197121309594,-1.2746306079949394,-0.3561622311805621,1.4263830069561356,48.91008548814225
61,0.9297611518646192,0.21019574126093263,-1.1643098373766043,-0.4884244541351955,1.4923877504746674,48.94038964791159
62,-0.2578321844610997,0.723584785771406,-0.8875669921515155,-0.5979416265358836,1.5576531638110958,48.972102853566
63,-0.9697955413239362,0.8860916989322613,-0.47889802127294273,-0.6848866549095701,1.6222591534775908,49.005229365096596
64,0.9136618970530035,0.5590354868722276,0.020757202691099954,-0.7495828339115217,1.6863548048008652,49.03977344249432
65,-0.4569822499597946,-0.17439451619563087,0.5379016754947045,-0.7923676365403568,1.750103381450738,49.07573934575034
66,-0.704270176129005,-0.688087145035586,0.9691363750064266,-0.8135743733713396,1.8136639846738718,49.11313133485563
67,0.0789402616360182,-0.6590166957114327,1.2344634035370061,-0.8135023009488019,1.8771616616859756,49.15195366980123
68,0.32214763042447353,-0.1673170777189015,1.3146880528306115,-0.7923456957670659,1.9406164796526746,49.19221061057821
69,-0.3084903697611005,0.4294699160722045,1.2117717972386677,-0.7506799664696477,2.0040222057422707,49.23390641717761
70,0.1970591484733073,0.5945485547156792,0.9348405502632617,-0.6908686446492213,2.0673750416065593,49.277045349590416
71,0.7459805011068689,0.23036786644960286,0.5176553093025469,-0.6163297344417779,2.1306943897749697,49.321631667807786
72,-0.729572136781699,-0.4156655904119158,0.034205642458996856,-0.5307017476728678,2.1940642005868205,49.36766963182067
73,0.6058370745641378,-0.5383318667048329,-0.4326139376928878,-0.43765593495070476,2.2576011631641264,49.41516350162016
74,-0.24495822267128262,-0.09902071322112099,-0.8106970210501898,-0.34087010505319254,2.3214285247985043,49.46411753719728
75,-0.3368842910695369,0.37879521136993644,-1.0680958951745134,-0.2440210889020274,2.385670065233035,49.51453599854311
76,0.351369116613467,0.4573464419146173,-1.1848034448809397,-0.150784823506741,2.4504495642109707,49.56642314564863
77,0.24553513545147468,0.25509997324872385,-1.1519782567540287,-0.06433089192647203,2.515890801475317,49.619783238504986
78,-0.47172987656024395,-0.1436088354557355,-0.9856774203064188,0.014278390813558545,2.582117204405755,49.67462053710309
79,0.1123007208602139,-0.326664661544265,-0.7203750290289392,0.08455032693272951,2.6492493413461697,49.73093930143409
80,0.581609870480791,-0.310411296717421,-0.39335269586648014,0.14600961254593217,2.7174007180681943,49.78874379148899
81,-0.10324276249583354,-0.1614758440680206,-0.03818544480653408,0.19818613849132316,2.7866796456202088,49.848038267258865
82,-0.5194890431745642,-0.03898044769706294,0.311838271479288,0.2406110823006,2.8571931483570063,49.908826988734724
83,-0.5775272379387427,0.16412418156888472,0.6204249683233843,0.27281565667760654,2.9290482154612336,49.97111421590763
84,0.6739985559189816,0.22407237682297962,0.8503419480476812,0.2943305819029116,3.0023523285388256,50.034904208768616
85,0.4088699119320298,0.10139841201091676,0.9676298485957983,0.3046820964890828,3.077218503663438,50.10020122730873
86,-0.6228198576824283,-0.07694272760735475,0.9553275802318879,0.3036455581345064,3.15377991540432,50.16700953151907
87,-0.30280721475810723,-0.11002178730272888,0.8231998605406585,0.2921007815512708,3.23219497857832,50.23533338139059
88,-0.1563003096661188,0.038062110976497046,0.5989556935620347,0.271474442948029,3.31263102526515,50.30517703691441
89,0.3814815710014754,0.15636881984565718,0.32701905293625505,0.2433292574288216,3.395256540706265,50.37654475808152
90,0.20133341821566308,0.04226085087742871,0.04747977202679739,0.20924508597162142,3.4802400680255148,50.449440804882975
91,-0.28667485691906786,-0.1354397938322526,-0.21030672645991683,0.17080178955480915,3.567750150346566,50.52386943730987
92,0.1458604982456874,-0.23295205992322846,-0.4202786308177873,0.12957994634886155,3.6579553307932757,50.59983491535319
93,-0.22512227957238742,-0.1054306364607037,-0.5649721754226397,0.08715943996233529,3.751024152489392,50.677341499004
94,0.3564083307547699,0.08523024012102029,-0.6502423781904308,0.045085200502548245,3.8471251585587174,50.75639344825338
95,-0.1293457851144591,0.20178183614080886,-0.6906760053187736,0.0048180390751351035,3.94642689212496,50.83699502309233
96,-0.5624916893512958,0.22872645955914897,-0.7023068993493392,-0.03217625068239374,4.04909789631199,50.91915048351189
97,0.5679910216491547,0.20407659783281243,-0.6958131432155872,-0.06442528001305736,4.155306714243534,51.00286408950314
98,0.6739149671597021,0.06572456935101145,-0.6724191222446781,-0.0905824043665659,4.265221889043417,51.08814010105711
99,-0.8114868309972784,-0.06403056699031014,-0.6289154990401452,-0.10956184497251963,4.379011963835421,51.17498277816483
100,-0.4950928812504167,-0.1839095925239766,-0.5605254866490038,-0.1207138879114367,4.49684546751745,51.26339638081738
101,0.7651806089728734,-0.23204621950058082,-0.4614559454238554,-0.12395240893169884,4.618888795877469,51.3533851690058
102,0.4959213946268672,-0.3079120776328682,-0.328881566353044,-0.11935988717969909,4.745278733817658,51.44495340272108
103,-0.5405458416708682,-0.3118458536654418,-0.17482249221291582,-0.10693769542535643,4.876046541020283,51.5381053419543
104,-0.4041761803955356,-0.21438613998138908,-0.018794330921106477,-0.0866169573030257,5.011128361904546,51.63284524669651
105,-0.3756883567766526,0.11696190326499518,0.11739292457932651,-0.0582833606406024,5.150439512634129,51.72917737693881
106,0.456775767711835,0.42205147012134026,0.21200319842725268,-0.021832002499293443,5.293895573566728,51.82710599267213
107,0.1050391292424434,0.3557701058515472,0.24840737649581904,0.022735669239560146,5.4414123652830035,51.92663535388763
108,0.01953624286908878,0.02337582999216993,0.23127216985444773,0.07514032834415023,5.592905708363909,52.02776972057623
109,-0.1320850900081626,-0.3277515446913112,0.17652627927179346,0.134505579308426,5.748291423390166,52.13051335272909
110,-0.057184369607520165,-0.4264898378691118,0.10189973938851903,0.19941862680830288,5.907485330942598,52.23487051033721
111,-0.2338087437169118,-0.22901664155879334,0.023250689187642695,0.26832599109436706,6.070403251602058,52.34084545339164
112,0.27924476199797454,-0.014535057784562917,-0.04994573619223589,0.3398325841461053,6.236961005949321,52.4484424418834
113,-0.26277125064377826,0.1102605302950559,-0.11503822628859667,0.41280879626853817,6.407074414565206,52.557665735803575
114,0.09768432547966427,0.2498226511022514,-0.18291100918584705,0.48622513943023477,6.5806592980305565,52.66851959514314
115,-0.1996473569572848,0.3570938213367279,-0.2549049951159594,0.5588187739171414,6.757631476926143,52.781008279893236
116,0.30058414096467617,0.3014058091890588,-0.32412413890450137,0.6290913668731332,6.9379067718328225,52.89513605004481
117,0.7470120774575414,0.15186563319655003,-0.37652713880886163,0.6953412592344539,7.121401003331311,53.01090716558901
118,-0.7399668420478696,-0.12835943957826393,-0.393753910097124,0.7557243132039335,7.308029992002473,53.12832588651685
119,-0.9701467813824455,-0.30611637200083586,-0.35714449871155,0.8083016208483558,7.497709558427175,53.247396472819304
120,-0.19757163696242888,-0.17612433155299176,-0.2557531661298838,0.8509704269716923,7.69035552318613,53.36812318448748
121,0.8556021508064043,0.002313998262213088,-0.10568769025379894,0.8813775528124649,7.885883706860314,53.4905102815124
122,0.6277389287708127,0.1376992090582522,0.06867673237877361,0.8971131758766747,8.084209930030353,53.61456202388514
123,0.01760765991640932,0.1577229764710729,0.2433692050684879,0.8957694229674567,8.285248063979829,53.74028267159675
124,-0.3552029578631811,0.09471651440199437,0.39895955794282256,0.8749610982205817,8.488889302659551,53.86767648463822
125,0.09132647555460496,-0.03818144012153684,0.5227793957739448,0.8323825854734899,8.694945260318892,53.996747723000595
126,-0.08927009627090642,-0.0373076676455103,0.6101124259254651,0.7658244595682219,8.903140231747754,54.127500646674974
127,0.11965579929710486,-0.053304250927979906,0.6673681479633718,0.6731603861077652,9.113180401907348,54.25993951565239
128,-0.17638374262910875,-0.07203025006066412,0.6970694909820414,0.5525090345613313,9.324766877222492,54.39406858992391
129,0.280839892258234,-0.09649471786870017,0.6955400649356003,0.4026736962734624,9.53754893492094,54.529892129480466
130,-0.3678328687625091,-0.039975641798329846,0.6558218329533813,0.22352796971265723,9.75104431358157,54.667414394313234
131,0.12592768914352306,0.16886945707816167,0.5776607315064965,0.01616484072995656,9.964737637128708,54.806639644413146
132,0.3111354059244042,0.29764509259309213,0.47292068924481834,-0.21737995248990422,10.178106624956182,54.947572139771395
133,0.24878387599734123,0.17865068064707712,0.3559503646772847,-0.47415127459322076,10.390550212892611,55.09021614037891
134,-0.12411779338821187,-0.1747555299481047,0.24300922142386816,-0.7499596557093452,10.601247851395065,55.23457590622672
135,-0.12031944361583968,-0.44036986046658766,0.1507645264391296,-1.0400494632975354,10.80931854363486,55.380655697305976
136,-0.3066319095592469,-0.30659214175157273,0.08955506983799075,-1.3386701643581411,11.013879372223363,55.528459773607615
137,0.37718720007621787,0.132979630783194,0.04547096448049524,-1.637677610234455,11.214047419771799,55.67799239512274
138,-0.4599942724275252,0.4528680353286241,-0.0028393572777583843,-1.9282319963571946,11.408939768891457,55.829257821842404
139,0.4478252717993237,0.4276844207047708,-0.07335890946699705,-2.2020845989884315,11.597673502193732,55.982260313757614
140,0.5926465331824903,0.14101144186069614,-0.1674357109818669,-2.452592097210551,11.779365702289788,56.13700413085945
141,0.16871893608318922,-0.2091967196386984,-0.2718790733349963,-2.6742711505264403,11.953134474278036,56.29349353313892
142,-0.8435412036025204,-0.3938889963317873,-0.3697922713213897,-2.8626499926478295,12.1181396833164,56.45173278058712
143,-0.509022390552913,-0.24809434341047867,-0.4433888734991619,-3.0149313169181977,12.273710791185696,56.61172613319506
144,-0.04465786446553467,0.06745211600462642,-0.47663297341068206,-3.1289650393825537,12.419325910300385,56.77347785095376
145,0.7138322594036207,0.34122667739058893,-0.45323736661104974,-3.2034531895559613,12.554639425518525,56.93699219385428
146,-0.44944883475248465,0.2192329379851673,-0.3626587673271569,-3.238754644788047,12.679355886994797,57.10227342188772
147,-0.15749794857108756,-0.11427146845064033,-0.22473048549371075,-3.236045336161878,12.79321944363224,57.26932579504508
148,0.1986720235564196,-0.3635066702791325,-0.07255546451729769,-3.196777225309008,12.8960137632316,57.43815357331743
149,-0.2548308022745635,-0.2123523269980781,0.06333705987239485,-3.1224461448181584,12.987531197522625,57.60876101669577
150,-0.1472020502402498,0.12890341480778286,0.16413007930426757,-3.0145481241773315,13.067564295134366,57.78115238517117
151,0.2656493609510295,0.44383911747576804,0.21382057924427464,-2.8745466011016614,13.135905604695932,57.95533193873466
152,0.06577101763037851,0.39404959953731455,0.20027431671874957,-2.703746546100214,13.19234767483643,58.13130393737734
153,-0.04483369470023605,-0.01784339714308238,0.13035081451530053,-2.5034294179472627,13.236683054185109,58.309072641090175
154,0.0686142899268884,-0.39788587821147015,0.027351890641521992,-2.2754269035921846,13.268704291370968,58.48864230986429
155,-0.26287507230829216,-0.5527202117764116,-0.0805613005476596,-2.022064554081483,13.288203935023189,58.67001720369067
156,0.29468529186347053,-0.3595896068736284,-0.1675188418987565,-1.7457529594223784,13.294974529075786,58.853201587255505
157,-0.3371787121639666,-0.07453826609877659,-0.22649144997309695,-1.448799914471827,13.288808108773734,59.03820023393393
158,0.3952950678739355,0.13048292020796617,-0.25698667472133896,-1.1333059398238643,13.269494745033901,59.22501988142939
159,-0.14860032303374612,0.16238798342470742,-0.2632232635899716,-0.8010561730191839,13.236824018864294,59.41366775735389
160,-0.26931727170054764,0.22049937404809353,-0.2622775038735663,-0.45364119906661216,13.19058551127348,59.60415108931916
161,-0.47761715666808136,0.46149910544816286,-0.26805407034293716,-0.09287378664391353,13.130568803269622,59.79647710493714
162,0.49101764637114476,0.6633378454642612,-0.2702750667312694,0.2787030672151146,13.056563475861124,59.99065303181961
163,-0.42011938159287043,0.3460143267450861,-0.249233670931455,0.6582935181445172,12.96835911005622,60.18668609757851
164,0.31912153656737685,-0.3620279356338453,-0.18071460081539797,1.0432921831929671,12.865745286863238,60.384583529825655
165,-0.3185598168937145,-0.6738572096409242,-0.051837087367034095,1.4313899704381732,12.748511587290585,60.58435255617292
166,0.016479805766364423,-0.46195851639717916,0.13260480767880636,1.8204259063734292,12.616447592346436,60.786000404232134
167,0.38129827437094554,0.11155675879714703,0.3400062959468118,2.2082614862306604,12.4693428830392,60.989534301615244
168,-0.5064845247497539,0.5606654388689244,0.531112364327707,2.5927582052419416,12.306987040377205,61.19496147593399
169,0.6168092574337353,0.5215421265420926,0.668412257215703,2.9717775586394426,12.129169645368682,61.40228915480035
170,-0.3844187725919185,0.0184603926852115,0.7255520337312062,3.343201501327476,11.935680279021941,61.61152456582609
171,-0.6019736897794057,-0.41608832358904313,0.6938737443490941,3.7052048100508657,11.726308941514096,61.822674517454395
172,0.07999992262383171,-0.35661007735425987,0.5730138924827045,4.057004811097169,11.50084890831625,62.0357425428343
173,0.4217348055134823,0.04217080703109419,0.3775257908926669,4.398742966548384,11.259100268544945,62.25072536146943
174,-0.39741542465103,0.28309099046127506,0.12510997434750093,4.730731655662152,11.00086470993602,62.46761809424408
175,0.01328413637338328,0.18819482427240788,-0.16685702850167178,5.053018285587924,10.725943920225339,62.686415862042615
176,0.760636506007416,-0.1154381545528495,-0.4811462765433145,5.364691285724747,10.434142853614564,62.90711378574945
177,0.8042125522540349,-0.28235385328036033,-0.8013080981068271,5.664359172337478,10.12538324054686,63.129706986248806
178,-1.490392735957874,-0.17684217721079573,-1.107139199699537,5.950177549948863,9.80000597849412,63.35419058442522
179,0.4319249204189539,0.15975205876310358,-1.3608906683548874,6.220194076493201,9.4584599115167,63.58055970116291
180,1.84977878828488,0.4215347037438163,-1.5137700538418482,6.472452161739681,9.101194942727156,63.8088094573463
181,1.9313593972689358,0.1423614121996881,-1.5262363351709238,6.704919576604072,8.728660975238515,64.0389349738597
182,-1.2824460354814384,-0.37212747876992064,-1.4032247743130937,6.915559004813684,8.341307912163225,64.27093137158755
183,-1.49123657459656,-0.6305314045822564,-1.1658829041456726,7.103271542996619,7.939585568913729,64.50479377141414
184,0.40070796568977457,-0.301392951215419,-0.8509947148496781,7.267227451990251,7.523934954161262,64.7405172942238
185,0.023485785546864424,0.41546540190712444,-0.4984449990491627,7.406634045554512,7.094762705139705,64.97809706090095
186,0.49562269248794394,0.611737468887445,-0.14806245023754405,7.520708933318505,6.6524651632137015,65.21752819232995
187,-0.35710402928217766,0.15946973377719362,0.1827200914508239,7.608629187359935,6.197479207299113,65.45880580939512
188,0.39759285250226023,-0.4274522114612624,0.5681207299095794,7.669387263816998,5.7304263322516125,65.70192503298081
189,-0.4894456925637338,-0.33717560164052196,1.0758366584783834,7.7018102174644865,5.252093434290003,65.9468809839714
190,0.5207098655267969,0.21133255802036297,1.6462962804912271,7.7045342172347,4.763458295475674,66.19366878325125
191,-0.2685166058552663,0.20097219625593163,2.143566727964573,7.676139361668635,4.265554768261416,66.4422835517047
192,0.23985266855398557,-0.2150907075355306,2.3773328356047614,7.615751272981604,3.759433520179034,66.69272041021615
193,-0.7570568001184698,-0.12633657226335046,2.168321854611201,7.5239482799716635,3.246148758129042,66.94497447966991
194,0.7672233049632451,0.49376686165359734,1.5545156494807377,7.398698613940057,2.7267546890120524,67.1990408809503
195,0.7513983036421705,0.9830188154386186,0.6911852291233653,7.237177397125459,2.202305519728581,67.4549147349418
196,0.48362982983678593,0.9139155628931602,-0.2905517642043221,7.0365597517665055,1.6738554571791566,67.71259116252871
197,-1.1968386162457725,0.3889430541466627,-1.2506492308626114,6.794020800101874,1.1424587082645001,67.97206528459535
198,-1.4372549167784214,-0.5212677105357163,-2.0407147389672544,6.506735664370253,0.6091694798850456,68.23333222202609
199,1.9014591695317586,-1.6632297293817069,-2.5115379816069696,6.171879466810196,0.07504197894144471,68.49638709570527
200,-1.785692923883785,-2.047385015061096,-2.5152318604313666,5.7859543605247135,-0.4588695876657862,68.76122502651732
201,-2.4095204311220524,-1.2998575257964189,-1.969558266268864,5.342606100876884,-0.991511013036145,69.02784113534659
202,2.2084919402759158,0.2179831358698853,-1.0364630299076112,4.835585500953286,-1.5218280902688028,69.29623054307731
203,-1.6092025928922689,1.4213501191915705,0.05600741633896674,4.264223299231181,-2.0487666124634205,69.56638837059398
204,0.9185253056500153,2.0767804539433192,1.0783705285106107,3.629286345834635,-2.5712723727195095,69.83830973878094
205,-0.6784522156597276,1.4438977263037585,1.8185778541036044,2.932278030866138,-3.0882911641362543,70.11198976852248
206,1.2070687304521401,-0.7484509860256505,2.155079550340026,2.177647904343681,-3.5987687798131387,70.38742358070293
207,-2.267947788740689,-1.8123983923827738,2.0645249628963835,1.3728659348700034,-4.1016510128497154,70.66460629620678
208,3.298620724905447,-1.088168412267501,1.5773542667333704,0.5345440410557487,-4.595883656345319,70.94353303591826
209,1.6948139792980645,-0.1897766571760714,0.8795724981033883,-0.31839623754776636,-5.08041250339946,71.22419892072183
210,-4.136303209868109,0.6783064896789542,0.14260792160433977,-1.1670269258055663,-5.554183347111432,71.50659907150181
211,3.9812787738481323,1.5996381081964102,-0.5230834620238758,-1.9924200485823629,-6.016141980580828,71.79072860914252
212,-3.639211789077603,1.8104486031078462,-1.0169376409083595,-2.775647630743235,-6.465234196906997,72.07658265452835
213,0.897789643901141,1.0470892277963557,-1.290847713898664,-3.4977816971531537,-6.900405789189327,72.36415632854363
214,1.3074184804630284,-0.06663209926171268,-1.3437410286285376,-4.139887554118192,-7.320602550527343,72.65344475207276
215,2.547685129648318,-1.2809973490726931,-1.1835336898708348,-4.682826862684482,-7.724770274020365,72.94444304600006
216,-0.22147836271682025,-2.198210129428799,-0.818819309802185,-5.106783776494193,-8.111854752767918,73.23714633120991
217,-1.8456035794485268,-1.971224820220127,-0.2790295170066471,-5.394890032041927,-8.480801779869434,73.53154972858665
218,1.504729540240387,-0.13777912454567554,0.3181887262314318,-5.542230352516536,-8.830557148424285,73.82764835901467
219,-1.2759705318810974,1.8531901361932517,0.8142783378081242,-5.546867182036095,-9.160068103462491,74.12543734337831
220,1.2060602150973474,2.198610218110986,1.0455626189625227,-5.406685536914046,-9.468459317818711,74.4249118025619
221,-1.185743275207916,1.7972050095592254,0.89025624633272,-5.122241441546615,-9.755539108107552,74.72606256897014
222,0.6954993929581532,1.6950680776690765,0.411399354465572,-4.709483760704841,-10.021346385477162,75.0288633210892
223,1.0036412752461115,1.3183813748495479,-0.22247267536067483,-4.196613137585465,-10.266220286074956,75.33328344892543
224,-0.9669520386363212,-0.06662809498529776,-0.8312594174164945,-3.613876717029101,-10.490576074418117,75.63929234248533
225,1.070773961992963,-1.4281005506152147,-1.2492145375349002,-2.9854892505944868,-10.694829015023693,75.94685939177533
226,-1.2333079281946608,-0.6891629533775581,-1.340679707557425,-2.333409025263325,-10.879394372408857,76.25595398680183
227,1.2179396796183315,1.0133647794425549,-1.076430535677956,-1.6767320298634458,-11.044687411090818,76.56654551757133
228,-0.8907814701810698,0.9494103809316875,-0.46491906772138136,-1.0311898215328428,-11.191123395586587,76.87860337409019
229,0.3501778111730422,-0.32224068500315733,0.40088891487849204,-0.41180539699991286,-11.319117590413429,77.19209694636496
230,-0.15126085297408987,-0.961775656069198,1.238727897722741,0.16639824700705577,-11.429085260088474,77.50699562440197
231,-0.7380841233406167,-0.4016899735503263,1.819548854052514,0.6883981137594893,-11.521441669128786,77.82326879820774
232,0.803578739906803,0.5698002410100623,2.0331660368169553,1.139171206529059,-11.596602082051588,78.1408858577887
233,-0.7944372026509732,1.1309570811058702,1.7927007043537175,1.505944987414085,-11.654981763373984,78.45981619315128
234,0.1387851872789577,0.9300374825714482,1.0614670318325272,1.7866770816283084,-11.696995977613119,78.78002919430187
235,0.4831265919357289,0.16414724491587843,0.025803016740804027,1.9884888844467,-11.723059989286094,79.10149425124699
236,0.6434925747651589,-0.8015522714325841,-1.072762113368621,2.1202301189530797,-11.733589047593426,79.4241807386764
237,-0.6948066503002256,-1.0620537507921621,-1.9929497366830173,2.1907882982800313,-11.729035353626339,79.7480571931217
238,0.6744201368043137,-0.3307898665586594,-2.53592224844425,2.2092024346884416,-11.709999484718981,80.07308902822913
239,-0.6836618646546884,0.5675095988001848,-2.6806086447659854,2.1846435207508215,-11.677123490883483,80.39924088075314
240,0.7410266476599983,0.6056811458782746,-2.4879728464753206,2.1258650151808136,-11.631077349691866,80.7264773874481
241,0.5282977184894397,0.14892097016294467,-2.0677269985377937,2.038341284198629,-11.572596159381561,81.05476318506834
242,-0.997058479287726,-0.24209898006006803,-1.5783671170334326,1.9259274928202612,-11.502465826807152,81.38406291036812
243,0.40308829860026163,-0.07951779105085015,-1.1487018485307317,1.7923926380427435,-11.421602497163297,81.7143412001019
244,0.9725051214625544,0.18287096101127995,-0.7515221747162351,1.6415665898942975,-11.330983188675859,82.04556269102397
245,-0.794307430220484,0.08611396254833178,-0.32519285104908957,1.4772881983039146,-11.231593899471386,82.37769201988871
246,-0.16875103330953553,-0.2533095129458436,0.1423910372808192,1.30339667251701,-11.124420986992979,82.71069382345053
247,0.3440139890785267,-0.4623119822689448,0.6504848416312896,1.1237312217792317,-11.010450808683704,83.0445327384636
248,0.06661622421458585,-0.22588551094412926,1.1886345516979497,0.9421310553360087,-10.890669721986823,83.37917340168241
249,-0.48448699647746163,0.2889446705954384,1.704590577933213,0.7624353824329203,-10.766064084345324,83.71458044986122
250,0.02148244839095009,0.851506110161804,2.135429762579794,0.5884834123155457,-10.637620253202575,84.05071851975448
251,0.5284691726968257,0.9674550600411004,2.4187337509177738,0.4241143542293145,-10.506324586001513,84.3875522481165
252,-0.1053542183788786,0.2983663620074436,2.511937607435409,0.2731674174199145,-10.373163440185479,84.72504627170159
253,-0.4509972956743964,-0.5561473808650477,2.44408582741986,0.13901679505272865,-10.23912317319724,85.0631652272641
254,0.3906430760876682,-1.1142345542623788,2.263731253122401,0.023176615974284914,-10.105190142480389,85.40187375155841
255,-0.46189739226560034,-0.82855854134245,2.014974164796454,-0.07330400704953376,-9.972350705477705,85.74113648133883
256,0.5276759806004317,-0.12946000947533498,1.7218331563998248,-0.14937933113615906,-9.841587849748471,86.08091805335971
257,-0.5498766027672501,0.40481792677297584,1.4017648085524936,-0.2040586378273371,-9.713830599106352,86.42118310437547
258,0.4887680292756732,0.7838805577239164,1.0718181361133372,-0.23662098922431313,-9.58974200502903,86.76189627114042
259,-0.35333744240581866,0.8993975896971191,0.7472475514432904,-0.24685993225698744,-9.469469956886433,87.10302219040884
260,0.24712854844124457,0.6513768855312078,0.4346999905067383,-0.2350128305590721,-9.352718092855268,87.44452549893515
261,-0.20548150656719547,0.3760936189180029,0.13352415305190138,-0.20162921095953631,-9.23887788791686,87.78637083347368
262,0.10908810834469612,0.19463160748600647,-0.15764312926960214,-0.14738633379734467,-9.127213083542514,88.12852283077876
263,0.03939785837824523,0.04959671538281534,-0.43994604302385215,-0.0730252895572782,-9.016969368784665,88.47094612760473
264,-0.33478439060054993,0.07236796766074693,-0.7041449777301009,0.020348472659804426,-8.907392432695959,88.81360536070605
265,0.13093724458533426,0.2147651009971088,-0.9051620865416914,0.1307225384510068,-8.797727964328724,89.15646516683697
266,0.11758337291906781,0.09125851849125238,-0.9864535407388453,0.25534311931226034,-8.687221652735497,89.49949018275177
267,0.45569884478794226,-0.44217853953595965,-0.931869565599882,0.3908234021117352,-8.575119186968744,89.84264504520489
268,-0.47971637615775564,-0.9930206305409628,-0.7445025226335524,0.5320113944626464,-8.460666256081057,90.18589439095068
269,0.5964065944522325,-0.6905159158782704,-0.44527278249603786,0.6732877963034029,-8.343108549124814,90.52920285674347
270,-0.9193703498331106,0.3822859355244769,-0.11278425805601743,0.8090253481796361,-8.221691755152616,90.87253507933762
271,0.20571722316696675,1.000467334883496,0.1600245190418739,0.9335967906371139,-8.09566156321693,91.21585569548749
272,1.819363756331239,0.8683720058662925,0.2960236940038635,1.0413748642213725,-7.964263662370085,91.55912934194733
273,-2.0205431133698446,-0.05219058985752127,0.2902600712621897,1.1268967181583849,-7.826743741664784,91.90232065547158
274,-1.1194339183445938,-0.6783269401039912,0.1888195538247835,1.1858948744839428,-7.682347842674723,92.24539427281458
275,-0.3246620444708668,-0.8160128735936095,0.04626674347405026,1.2164547613508996,-7.530361417491143,92.58831483073067
276,1.4205852544107467,-0.6930791345673283,-0.07568053869278901,1.2173771858865847,-7.370249733011394,92.93104696597419
277,0.7486349783812907,-0.5879193561991605,-0.1102866533867051,1.1876462493739621,-7.201630533468854,93.27355531529946
278,0.3550381248952697,-0.7019614904065762,-0.02246629267572611,1.1277527050588139,-7.024167562332719,93.61580451546094
279,-0.8947093655515893,-0.5245838287614943,0.10549418290330992,1.0435690059381066,-6.837529197741216,93.95775920321287
280,0.07181966830651686,0.24851207637119693,0.1893507419112043,0.942317315933994,-6.64138381783246,94.29938401530954
281,0.8950042526574359,0.9221835958872217,0.16807314824919686,0.8294952154455701,-6.435399800744866,94.64064358850544
282,-0.9461566155052927,0.8914928015129667,0.008745857469967375,0.7036609215842583,-6.219245524616782,94.98150255955488
283,1.010131467617021,-0.0563795281400332,-0.24462513904568362,0.5615370019429772,-5.992589367586448,95.32192556521215
284,-1.0599175863077717,-0.9184913862173122,-0.5081877037100472,0.39981914179548494,-5.755099707791978,95.66187724223163
285,0.823217621613439,-0.9975211474482502,-0.6957768045767427,0.21520302641568914,-5.506444923371845,96.00132222736771
286,0.9987629988169288,-0.7611600429956036,-0.7457365144978352,0.004201793766178104,-5.246293392464353,96.34022515737469
287,0.04381780221714814,-0.44300023969573826,-0.647523486122329,-0.23752843670742702,-4.974316308698522,96.67855066900687
288,-0.7811696096138222,-0.1952566405178252,-0.4156820364969399,-0.5138496811372294,-4.690305431252884,97.0162633990187
289,0.6686188410487748,0.10888665173576693,-0.0822925824984568,-0.8240102880217212,-4.394530606428859,97.35332798416448
290,-0.6016082605717329,0.4017019751243412,0.3135929880371389,-1.1658708584007997,-4.087524905387468,97.68970906119851
291,0.5896971974527124,0.6675076614038885,0.7345217425304937,-1.5372316432350108,-3.769866225027333,98.02537126687524
292,0.19937168151999177,0.7164644836111471,1.141909952651814,-1.9358912013739173,-3.442134154358042,98.36027923794902
293,-0.02371938197410398,0.5870340139927823,1.4863775285138516,-2.359181489317207,-3.1049082823893897,98.69439761117407
294,-0.8640845931899719,0.5306503242386446,1.7069995182540572,-2.8024880744762752,-2.7587681981312366,99.02769102330478
295,0.43486277982297894,0.5309170001738873,1.7483376592093305,-3.259948059708404,-2.404293490593417,99.36012411109562
296,0.9371452152127654,0.6363021756348851,1.569116748226626,-3.722161901589429,-2.0420637487855893,99.69166151130074
297,-0.31854494160761193,0.8633507645950677,1.1590872452957766,-4.173502367240168,-1.6726585617177778,100.0222678606747
298,-0.7610175639050085,1.4324967251772665,0.5526831931545456,-4.599412631998933,-1.2966575183994902,100.35190779597163
299,0.6749954659232468,2.410997911017999,-0.16589342658379566,-4.985950379751591,-0.9146955245519044,100.68054595394605
300,-0.7239656019024698,2.788310602514568,-0.8759111916844414,-5.318952027539161,-0.5276287527407567,101.00814697135226
301,0.972450331233333,1.5089756873023068,-1.475534135545648,-5.584198675691893,-0.13636869224263723,101.33467548494455
302,-1.3738089996268255,-0.6552604164485893,-1.9017916807034614,-5.767408202363791,0.2581731676653607,101.66009613147732
303,-0.14931355518286077,-2.5355908563401712,-2.100508876882342,-5.854045597006136,0.6550853377065925,101.98437354770492
304,2.2838304374335396,-3.617672513542492,-2.016441883580019,-5.830527012062896,1.0533386013701511,102.30747237038172
305,-0.28550815617547975,-3.8717376957418725,-1.6040798877443858,-5.689464329810572,1.4514328332103372,102.62935723626197
306,-0.8107615562417257,-3.2609627273206234,-0.8929821047629383,-5.433036574322182,1.8477501805473515,102.94999278210013
307,-3.065324567067522,-1.8355367519792583,-0.0035941574779058136,-5.065560958827307,2.240672790701545,103.26934364465046
308,2.941140706019033,0.05977462020604407,0.9244820986702216,-4.591354696555757,2.6285828109930645,103.58737446066739
309,2.1036953801703633,1.4554825566785754,1.7516448082407903,-4.014735000737289,3.0098623887423694,103.90404986690518
310,-0.07080231442727242,2.400301111847624,2.338292115793501,-3.3400190846015105,3.382893671269416,104.21933450011825
311,-1.6324971416305323,2.699930316472056,2.5448391835810455,-2.5715241613783273,3.7460588058949087,104.53319299706085
312,1.2815955553334357,2.3597784624932725,2.271221016435372,-1.7159249686883433,4.0977399399387355,104.84558999448754
313,-1.173804268223605,1.3614577323207306,1.5788635277445768,-0.7893263417157521,4.436319220721656,105.15649012915239
314,1.3214671035935568,-0.14072558159371906,0.5854002637472456,0.1878213808796161,4.760178795563354,105.46585803780995
315,-1.5912089281970694,-1.0177523450648387,-0.579513839833459,1.1871159440963954,5.067700811784479,105.7736583572145
316,1.268644572121716,-0.6469784713017296,-1.7769563554938017,2.1781671138481586,5.357267416705314,106.07985572412034
317,1.9665764222944582,0.15849353180781786,-2.827330143079059,3.1305846560488457,5.62726075764606,106.38441477528187
318,0.8979817253903214,0.3920171766097128,-3.519782516870826,4.016420485490406,5.876062981926878,106.6873001474535
319,-0.12004313424930006,-8.629177910817289e-05,-3.748523001850554,4.818119713621193,6.102056236868295,106.98847647738948
320,0.108634487330577,-0.7037956514528255,-3.520037520683048,5.523667613170758,6.303622669790376,107.28790840184416
321,-1.3610198017439104,-0.8082353411470102,-2.879522332025836,6.124072489331257,6.479144428013554,107.58556055757194
322,-1.6142559866124961,0.11111260824616469,-1.92620011694431,6.610942255125511,6.627003658857975,107.88139758132715
323,1.272319768770923,1.3488366502080493,-0.7580078620629038,6.975884823575713,6.745582509644153,108.17538410986405
324,0.4738667186663777,1.7238551805165219,0.5310220854833267,7.210508107704607,6.83326312769199,108.46748477993715
325,-1.016265595106948,0.41855487383163437,1.8551988121181122,7.306420020534386,6.888427660322068,108.75766422830073
326,1.3286004656122279,-1.7768229343803168,3.1376486471166465,7.255048092186124,6.909638637756241,109.04588709170908
327,-0.5937953582495723,-2.5109565802130707,4.219355488549192,7.046818430560194,6.896459695121634,109.33211832423162
328,-2.5471484479505664,-1.3576811350493914,4.957895091959567,6.670782787407821,6.8498275368692125,109.61632416676336
329,-0.9090350411147864,1.2641393022233685,5.255393516806951,6.119774960645134,6.771256013664112,109.89847124777522
330,3.174065934166503,3.094243377410189,5.0043906940757985,5.406440411643645,6.662333369400248,110.17852621330366
331,2.821918683857011,2.2612575615782915,4.138144997761438,4.557575199446927,6.524647847971354,110.45645570938498
332,-2.795989185884416,-0.4153912371317588,2.8069432101615543,3.602423137527712,6.359787693271457,110.73222638205546
333,2.5768232195981793,-3.1781384397593917,1.2159411542566487,2.570228039358428,6.169341149194535,111.0058048773516
334,-2.519525295015053,-3.5130573773683618,-0.4297053469725305,1.490233718412159,5.954896459634273,111.27715784130953
335,2.566116865718294,-1.5369018719713892,-1.9351927703585523,0.3916839881611995,5.718041868484611,111.54625191996585
336,-1.3448360237228985,0.8473037281085873,-3.1497097454603638,-0.6961773379216257,5.460365619639544,111.81305375935675
337,-2.6626872313609597,2.569941865125977,-3.974134149912957,-1.744106446363533,5.183452901118745,112.07753306139273
338,1.4593802062984333,3.2611537889552222,-4.436222900487964,-2.722859523691969,4.888876677446039,112.33967175148024
339,2.760300752086221,3.2294243262894153,-4.594193990112394,-3.6031927564341504,4.578206857270749,112.59945481090016
340,0.4973259086529635,2.8270785220010475,-4.4972977511440275,-4.356987249685718,4.253013349242704,112.85686722093304
341,-0.2591807658051353,2.1757124563286085,-4.18126746921578,-4.9620242461785065,3.9148660620111873,113.11189396285961
342,-2.9297674075266498,1.3968606925707814,-3.6719385435858825,-5.405009663644727,3.565334904225836,113.36452001796064
343,0.7090119746976844,0.6779338250335841,-2.984073624279537,-5.683592327504672,3.205989784536302,113.61473036751664
344,2.666657452206569,-0.17943184448459007,-2.1275139162404404,-5.800622295882048,2.8384006115921805,113.86250999280834
345,-2.202879588726301,-0.8883284130401264,-1.1210727080604372,-5.759695345494073,2.4641321802043894,114.10784387511654
346,-1.9964575157764453,-1.1612059445982095,-0.023395567473162206,-5.564437850892578,2.0847798830185553,114.35071699572184
347,0.43692805712581234,-0.8469303580824606,1.0654250390009719,-5.218675285542143,1.702138211592945,114.59111433590488
348,1.197167476999395,-0.1853375188439637,1.957380630319686,-4.726284176095408,1.3180527106738709,114.82902087694642
349,-1.1975747061884048,0.3767604315957651,2.443164798662709,-4.091141049204739,0.934368925007562,115.0644216001271
350,0.16348548431812274,0.21919620482641816,2.324954835378812,-3.3178704105911714,0.5529323993401124,115.29730148672772
351,1.6806170624244234,-0.26423837195714844,1.5122970728999092,-2.4219099598138003,0.17558867841790143,115.5276455180287
352,-1.7391244941257311,-0.11442397853313432,0.20475936436520478,-1.4508328740043939,-0.19581669301294977,115.755438675311
353,1.5233238251639762,0.586077315427744,-1.1401857493948149,-0.4604431608459545,-0.5594381702061842,115.98066593985524
354,-1.2529731817183845,-0.022795461449857602,-1.8987634081295441,0.49464996677131345,-0.9134302084154635,116.20331229294193
355,1.241143888488281,-1.3713865051302956,-1.8972541410481216,1.3700813047329645,-1.25594726289468,116.42336271585187
356,-0.4883507781776212,-1.1318765264536361,-1.178690498783203,2.1432594024462603,-1.5851437888976039,116.6408021898658
357,-1.915575673259402,0.6186475523886134,-0.06718327570069138,2.7976699419851445,-1.8991742416780464,116.85561569626438
358,2.1407397996058175,2.4170843283270464,1.0435266627925837,3.317054069436058,-2.196193076489682,117.06778821632818
359,-2.084734670312144,2.2995767799008626,1.7970549767742576,3.6851529308854007,-2.4743547485863497,117.27730473133798
360,-0.5727816996026122,0.4953043322137836,2.039433185616741,3.8857076724194095,-2.731813713221806,117.48415022257448
361,1.0522073887453391,-1.4197631210892565,1.8573008899059396,3.908930092462817,-2.9669849213431614,117.68830967131832
362,1.1096217808878999,-2.52576000165132,1.3647808697908583,3.7710808494603856,-3.1794916176885675,117.88976811920075
363,-0.9291648542669324,-2.5434651638136305,0.6684456987222632,3.4955562568633742,-3.369888644129361,118.08851670662429
364,0.8641447066413442,-1.6534555274604792,-0.13225753875876756,3.105918878790532,-3.5389205830314183,118.2845700638188
365,0.23296606511884588,-0.4175621065866354,-0.941746042146432,2.6257312793606613,-3.6873378741298555,118.47794867838343
366,-0.7878634728105663,0.6907376184485001,-1.6542122490875537,2.078556022692294,-3.815890957159979,118.66867303791732
367,-1.2612773360596747,1.4988194400543857,-2.1869311350617133,1.4879556729043417,-3.9253302718569048,118.85676363001956
368,-0.6478488509669292,1.7153559552703805,-2.480834582752264,0.8774927941151315,-4.016406257955546,119.04224094228923
369,1.905278243274244,1.235473610311032,-2.5166937244241088,0.2706857637045481,-4.089869355191073,119.22512546232537
370,-2.3332112136536174,0.37289486850943976,-2.3379348967371087,-0.3107164325471293,-4.146470003298914,119.40543767772733
371,2.7883986994041785,-0.5869686298950416,-1.995815698231479,-0.8518538053578852,-4.186958642013751,119.58319807609398
372,-3.1650404290541743,-1.181280046375886,-1.5379419087368231,-1.3420790497866173,-4.212085711071081,119.75842714502457
373,-3.4475975946659854,-1.237654279912472,-1.0081293144836043,-1.7751625328502916,-4.222601661996702,119.93114538390905
374,-2.733915574641148,-0.6595869460193635,-0.4388121647457157,-2.149801660414454,-4.219257501026058,120.10137384684673
375,0.3898205508800376,0.25714395023744174,0.14245096466016224,-2.465744819320129,-4.202806276369176,120.26913562991166
376,3.209330166448036,0.9843037120221196,0.7086537249964022,-2.722740396408274,-4.174001543781742,120.43445433672346
377,2.1714563573516728,1.3632036301403452,1.2321200791453673,-2.9205215905355084,-4.133612047003966,120.59735357090209
378,-0.770526969958696,1.4219542271880845,1.6819439370376932,-3.0587575138974477,-4.082470616436546,120.75785693606691
379,-1.6885078973095702,1.5059186180585797,2.0251286045836836,-3.1371215727637014,-4.021405788406988,120.915988035838
380,1.1437317540009866,1.766833269485598,2.23419777532451,-3.1554523032136745,-3.95108096943242,121.071770473835
381,0.006379079823520544,2.289060052458704,2.295081109721331,-3.113774318577369,-3.8719737771038827,121.2252278536777
382,-0.46776451052198864,2.566919346208667,2.201346023850664,-3.0123769705335675,-3.7845076679896095,121.37638377898583
383,0.45613853420301903,2.5236004480049576,1.9574168040475026,-2.8533157860512435,-3.689101853583323,121.52526185337909
384,-0.11282289072770899,2.089129211333337,1.590557483914204,-2.6425739396183903,-3.586175545378788,121.67188568047736
385,-0.8418907302598798,1.4036342318938237,1.1352943634240533,-2.3871687740885728,-3.4761479548697816,121.81627886390037
386,0.8986085767516042,0.22987254067444554,0.62676259713145,-2.0942704282753284,-3.3594382935498905,121.95846500726772
387,1.046670762616516,-1.2777188706023828,0.10030676551778649,-1.771260598818301,-3.236465772912988,122.09846771419936
388,-1.0120842109679082,-2.792327239601792,-0.4086954477562411,-1.425554085536261,-3.107649604452689,122.2363105883149
389,0.7559348116110424,-3.4151109979044523,-0.8648837576937001,-1.0645482895842695,-2.973408999662756,122.37201723323415
390,0.6930642228348675,-2.7684317892214665,-1.2407356263697429,-0.6953448897835395,-2.8341631700370633,122.50561125257694
391,-0.8315780955713761,-1.0311602710165575,-1.5403899927065106,-0.3236565635992504,-2.6903313270691425,122.63711624996283
392,-0.6927122984047998,0.8696304666594201,-1.7771785383176009,0.046037223303973744,-2.5423326822527583,122.76655582901178
393,1.0460033841406755,2.335909785690664,-1.9652196959425479,0.4099393798495582,-2.390586447081851,122.8939535933435
394,0.34964640745680375,2.9109143502495,-2.119655950429949,0.7652738791958761,-2.2355118330498986,123.01933314657767
395,-0.18116484256975515,2.809014419705101,-2.2526421480711845,1.1096025302525276,-2.0775280516506798,123.14271809233396
396,-1.0553627973589457,2.49042768918984,-2.3621894511017207,1.4400468394164818,-1.917054314378066,123.26413203423239
397,0.2341276622786174,2.183921117780098,-2.440678413127572,1.7535408899019793,-1.7545098327256863,123.38359857589255
398,0.9763341895625557,1.5313965211938838,-2.4760434136223743,2.0474852001190262,-1.5903138181872631,123.50114132093417
399,-1.0779821865407675,0.40507409541304995,-2.4493616358938746,2.3203713363011618,-1.4248854822565742,123.61678387297701
400,1.2933015708310718,-1.145671111989042,-2.341308188064382,2.571771930008756,-1.2586440364272748,123.73054983564086
401,0.436380113457619,-1.8327524919473175,-2.1361202667071977,2.8020385248445687,-1.0920086921931833,123.84246281254552
402,-1.6766081935467294,-1.1468613256801239,-1.8256077841586162,3.0119295571227616,-0.9253986610478596,123.95254640731056
403,1.6086135015683998,0.7474248521244309,-1.389974351036792,3.2023449282732765,-0.7592331544853396,124.06082422355601
404,-0.30290630516339023,1.5611464031362101,-0.8058325506015395,3.3742039717264585,-0.5939313839992238,124.16731986490149
405,0.527117356522943,0.45494197494756755,-0.06262972626694761,3.528426020912787,-0.4299125610830319,124.27205693496666
406,-1.404438754130358,-0.9097884302379782,0.7908336349648459,3.6659304092628786,-0.267595897230745,124.37505903737136
407,-0.5071598208216117,-1.4969737637245482,1.6675479425395758,3.787636470207268,-0.10740060393607284,124.4763497757354
408,1.8294301183979165,-1.385502668972958,2.4954021524129963,3.894463537176217,0.05025410730735666,124.57595275367848
409,-0.8824433618822712,-0.6374703312500501,3.1937421497058454,3.987330943600478,0.20494902500569798,124.6738915748203
410,-1.718150055195551,0.3962896224929129,3.6782476293462363,4.067158022910369,0.35626493766537753,124.7701898427807
411,1.3236324798941854,1.5682139717652566,3.8644390821711836,4.135060671197482,0.5037826337924953,124.8648711611794
412,-0.6004713112848067,1.567765476050368,3.67409315125127,4.193570648453598,0.6470829018934507,124.95795913363612
413,-0.3982996590858689,0.5235394322634829,3.08203008759137,4.247506244985951,0.7857465304743709,125.04947736377069
414,0.6260861384444927,-0.8958861059689169,2.1703947814225097,4.300601422857476,0.9193543080416552,125.13944945520277
415,-1.1158005435450569,-1.5621498319281315,1.0464026820630234,4.3561616587564105,1.0474870231015123,125.22789901155224
416,1.672033534265013,-1.791370303065992,-0.18273076116829104,4.4174924293703395,1.1697254641602328,125.31484963643871
417,-2.01629247495374,-1.5596066794729313,-1.4079754101669704,4.487899211387474,1.2856504197241887,125.40032493348198
418,1.795083461586466,-0.22121195947496178,-2.5137501682084302,4.570687481495727,1.3948426782993169,125.48434850630188
419,1.8344153364632776,1.4480853961329982,-3.3854904358893956,4.669162716382709,1.4968830283923429,125.56694395851807
420,-1.76147134169478,2.2146932070322816,-3.909339410333756,4.786630392736795,1.5913522585090678,125.64813489375038
421,-1.3691688491387422,1.4314842346181913,-4.004290496185146,4.92619903793108,1.6778311571560538,125.72794491561856
422,1.8413553321626004,-0.293104926656572,-3.71918870430479,5.088640158216917,1.7559005128395098,125.80639762774231
423,0.5513510186204437,-1.898807823884498,-3.129532357620148,5.2683314150770615,1.8251411140657536,125.88351663374138
424,-1.379036130156215,-2.871184891131874,-2.3123395114193324,5.45810124613084,1.8851337493410483,125.95932553723553
425,-2.074608541937407,-2.759957804506052,-1.3555188915699177,5.650778088997334,1.9354592071715213,126.03384794184453
426,-0.4918827229242893,-1.4756084151055968,-0.3445049705176752,5.8391903812959205,1.97569827606349,126.10710745118816
427,1.1255011516070892,0.46710957121613017,0.6366633031219275,6.01616656064533,2.005431744523381,126.17912766888614
428,0.2667472373950086,2.400595525213422,1.503949573110825,6.174535064665267,2.024240401057267,126.24993219855823
429,1.9618424161820207,3.666466091636152,2.173317483211604,6.307124330974513,2.0317050414292015,126.31954463656653
430,1.7864638943942261,3.528627444100734,2.572750823636305,6.406762797192557,2.0274071631774833,126.38798787749869
431,2.373864155532813,1.6133546566477872,2.6902892070980733,6.466197220211011,2.01101267051792,126.4552820899924
432,0.19217685981915902,-1.0978794666578113,2.572875677668597,6.4788219168726,1.9825583532279392,126.52144665906953
433,-2.3811620886158127,-3.324879602361328,2.2751864015428374,6.441964510377794,1.9423898370226536,126.58650094203385
434,1.0854487671886113,-4.121615979838494,1.8501829990759293,6.354404402990725,1.8911155143940195,126.65046429618923
435,1.6225933162433441,-3.169107778824541,1.3486780780067429,6.215063147140483,1.829417479047786,126.71335575838619
436,-1.0948763669402304,-0.7649084377940091,0.8137393033291919,6.022868368886916,1.7579851029775966,126.77519202954052
437,0.6902400290630963,1.683013849555592,0.28650085834599165,5.776747694290064,1.677512295121934,126.8359852736233
438,-0.3122819987486869,3.074115703953313,-0.19190307363902737,5.47562874940983,1.5886940185416534,126.89574660048291
439,0.07348477546354137,3.6257017020837528,-0.584337994118922,5.118439160305737,1.4922252362983182,126.95448711996758
440,-0.35628956676960044,3.9009974164575834,-0.8698332561044141,4.7041065530379065,1.38880091145273,127.0122179419258
441,-0.508669622637168,4.121013607263137,-1.0319687215640763,4.231558553666186,1.2791160070661796,127.06895017620575
442,-0.2107533507211232,4.176669120221367,-1.054300087808704,3.699823899452789,1.1638654861997135,127.12469493265594
443,0.8869746330946608,3.8492535588962618,-0.9291426760091634,3.109706850979113,1.0437443119145413,127.17946332112457
444,-0.019751611767500617,3.0409338316813384,-0.6822517678280939,2.468355649182314,0.9194474472717088,127.23326645146022
445,-0.9514166690145945,2.0603678246213404,-0.35421785756488144,1.7874814131146113,0.791669855332698,127.28611543351084
446,-0.691649316046905,1.0903003821507735,0.012028024829945689,1.080193032782807,0.6611064991583373,127.33802137712505
447,0.9735238380936007,0.02587418034543619,0.37336847603492324,0.3597857715650748,0.5284523418097274,127.38899539215122
448,-1.1415037827071755,-1.228188137646586,0.6868338296914491,-0.3605928441232747,0.3944023463481323,127.43904858843746
449,0.7593054659245643,-2.70880814916485,0.9101108803499053,-1.0684517487767302,0.25965147583478865,127.48819207583233
450,1.8802987121069732,-3.6512169152936385,1.0018353811546703,-1.7522488354826893,0.12489469333055231,127.53643696418413
451,-2.0604564362158913,-3.251140349753702,0.9297260305506327,-2.4027505698191036,-0.009173038103040852,127.5837943633411
452,-2.606414955157754,-1.5022100137616072,0.6952637311333404,-3.015057389960391,-0.14185675540524373,127.63027538315166
453,2.74122562265559,0.6935877539256913,0.31704875591366105,-3.585291770444439,-0.2724614955146564,127.67589113346413
454,-0.29274667524675557,2.1759503140857532,-0.18398482339461708,-4.109579244201003,-0.40029229537028704,127.72065272412691
455,-2.4532102120516748,2.436309208630393,-0.7789707254962562,-4.5840453441598665,-0.5246541919108989,127.7645712649883
456,-2.113067822653342,1.2722300219343996,-1.3871522398519103,-5.004815603250337,-0.644852222075337,127.80765786589653
457,2.119304235130946,-0.7918268119514675,-1.83919408267471,-5.36801555440232,-0.7601914228025549,127.84992363670011
458,-1.8331191881964326,-1.4029135582125987,-1.9455614395915075,-5.669808670215539,-0.8699768310311801,127.89137968724727
459,1.4295298304368713,-0.03716365810610752,-1.5633271948587095,-5.907562621158064,-0.9735134837003838,127.9320371273864
460,-0.9980177779265269,0.6956740251322943,-0.7365641222991209,-6.082892774123674,-1.0701064177488477,127.97190706696588
461,0.7707835665039277,-0.06493727706310574,0.390680700034976,-6.1984669351942845,-1.1590606701154984,128.01100061583398
462,-0.8689383573419863,-0.3483518590715301,1.4845955207659438,-6.256952910452314,-1.2396812777392079,128.04932888383908
463,0.8811317063886029,0.10455934826189085,2.279697748058608,-6.261017904976541,-1.3112738785620666,128.0869029808295
464,1.6113830755282101,0.5610960415542061,2.6502601006360926,-6.213221901827496,-1.3732513325445759,128.1237340166536
465,1.1646569800176998,0.22738927335987455,2.538944455590197,-6.1153277437111075,-1.425496066416326,128.15983310115965
466,-2.071494524136803,-0.41334706144203487,2.045300157177221,-5.9674758158970125,-1.468194099897542,128.19521134419617
467,-1.7679685059089698,-0.7090015258956569,1.308066278556551,-5.769394955908746,-1.5015792764037579,128.2298779855606
468,1.9556479364403145,-0.440221115434294,0.4474217844600332,-5.5208054311657735,-1.5258769528936074,128.26383377859335
469,1.0379321070512402,0.23367998856738936,-0.47595157683968126,-5.221427509088281,-1.5413065912568893,128.29707358156622
470,-1.5105634327589461,0.8494464173593549,-1.359406126871837,-4.870981457095872,-1.5480866471292147,128.3295912464965
471,-0.7990167028794126,0.9375900843744873,-2.094330888142317,-4.469187542608459,-1.5464358850144664,128.36138093427016
472,0.30115891773611275,0.4867280335545052,-2.6279125320773176,-4.015838155569298,-1.5365744364411544,128.39243817279714
473,0.8613606998126183,-0.16921520855817374,-2.9040865810681225,-3.512094967236897,-1.518723268001751,128.42275932505234
474,-0.6686207317331186,-0.7710814858582377,-2.8662994010461045,-2.9632357890835417,-1.4931034778389907,128.45234088555998
475,0.5222884915495803,-0.7230305180303835,-2.5051140753440104,-2.3753870829243025,-1.4599361640951993,128.4811793488443
476,-0.48079913464253393,-0.17979460539321307,-1.8813010896706719,-1.7579339548104411,-1.4194424249125943,128.50927120942944
477,0.5740794368281558,0.13749962463006973,-1.0752027062160958,-1.1211459586482098,-1.3718433584334748,128.53661296183958
478,-0.7707700315277011,0.17223999528898154,-0.172018353216257,-0.4752926483436988,-1.3173600627999493,128.5632011005986
479,-0.7117534062546292,0.16221339099044915,0.7273651089908053,0.16935642219700256,-1.2562136361545617,128.58903212023094
480,0.17954432502172535,0.21194064485692096,1.5205059924324957,0.8025316990676412,-1.188625176639529,128.61410251526073
481,1.3727192242202748,0.33153860986154965,2.1281855397411267,1.4139636283622092,-1.1148157823971236,128.638408780212
482,-1.4310965809041465,0.31618403219768904,2.5045890344925965,1.993382656174481,-1.035006551569508,128.66194740960887
483,1.3411235235119277,-0.049579632715211076,2.6428627357256995,2.5302970578011315,-0.9494185822992263,128.68471489797568
484,-1.088434307351654,-0.52625668992679,2.5534349144072506,3.012821315763147,-0.8582729727284412,128.7067077398365
485,0.7451892038198764,-0.13400154219205979,2.265808822699479,3.426871906956722,-0.7617908209994246,128.72792242971542
486,-0.4617801359100876,0.6896908370375339,1.8558440509841179,3.758083011006356,-0.6601932252545571,128.74835546213666
487,0.369203371217703,0.6019225739819921,1.430684463269186,3.9938875435427565,-0.5537012836359747,128.76800333162436
488,-0.482756296706179,-0.17105993689609256,1.0613874902072515,4.128102304978538,-0.442536094286112,128.7868625327026
489,0.6881392831333946,-0.8592366813237972,0.8068326451961755,4.1562539484457774,-0.32691875534710507,128.80492955989556
490,-0.8184490008260564,-0.8749789826426655,0.7134413901663562,4.074902393633925,-0.20711670805910493,128.82220090772756
491,0.7606568329699328,-0.07855702736045445,0.765793575962108,3.887070292862079,-0.08363674515615158,128.83867307072248
492,0.4580450858937496,0.6445477451603662,0.8844234406863435,3.6058891037431287,0.04275208111175351,128.85434254340467
493,0.06207010611376041,0.8338154769392802,0.9799965743620612,3.2436852828962,0.17122673939044195,128.86920582029825
494,-0.3027815733219448,0.6828715561842896,0.9746314842975528,2.8110549385872803,0.30096419832547333,128.88325939592733
495,0.387330440701285,0.3906929742841637,0.8348974571577485,2.3194379364778253,0.43114142656289695,128.89649976481607
496,-0.8534090721494807,0.27644013028478126,0.565102557685748,1.78200756994195,0.5609353927484084,128.9089234214886
497,1.4267455736143844,-0.11638658650794993,0.18685960486276185,1.2127314820340334,0.6895230655275945,128.92052686046918
498,-1.9494557143739581,-0.5037894809654949,-0.2797865334253097,0.6256437389366045,0.8160814135463139,128.93130657628186
499,-0.9112921361967568,-0.30403808394405113,-0.8104831657728855,0.034766917012486,0.9397874054504257,128.9412590634508
500,1.2333349009593708,0.17408321143167044,-1.3517405314012254,-0.5458764073754174,1.0598180098854895,128.95038081650011
501,2.515089469730756,0.48077155620268475,-1.8176158935205655,-1.102263657864419,1.1753501954975543,128.958668329954
502,0.07240557602631438,0.28551518372911544,-2.1392275309326756,-1.6203722580914504,1.2855609309320437,128.96611809833666
503,0.20032789984606478,-0.25449578660197575,-2.3117253484492237,-2.0864605658019997,1.3896271848348711,128.97272661617225
504,-2.269892948656082,-0.5921992128050401,-2.345164434864523,-2.487959707511149,1.4867259258519498,128.97849037798483
505,0.03928976959146484,-0.5583587579333252,-2.2573237792408496,-2.8130472333445296,1.5760341226285943,128.9834058782986
506,2.1184053550759354,-0.16590328070289515,-2.093913559784106,-3.0527868700377807,1.6567287438110447,128.9874696116378
507,0.42598501299368097,0.24055364148589378,-1.9089728821620777,-3.206230602888762,1.7279867580448873,128.99067807252638
508,-1.5727310511581307,0.6720091258650152,-1.7543805081976904,-3.2769114087548408,1.7889860867570198,128.99302775548864
509,-1.9341279665724074,0.7402921014851613,-1.6801347773297508,-3.2696309749332886,1.8390864623015488,128.99451515504873
510,0.8653686129110402,0.48135258976545225,-1.7185615941234362,-3.191656943307709,1.8783605690238871,128.99513676573076
