timestamp,EWA,EWC
2006-04-26,16.1,22.95
2006-04-27,15.98,22.78
2006-04-28,16.1,22.94
2006-05-01,16.31,23.05
2006-05-02,16.29,23.32
2006-05-03,16.32,23.12
2006-05-04,16.27,23.01
2006-05-05,16.56,23.33
2006-05-08,16.63,23.23
2006-05-09,16.96,23.54
2006-05-10,16.87,23.56
2006-05-11,16.86,23.17
2006-05-12,16.3,22.76
2006-05-15,15.79,22.2
2006-05-16,16.08,22.29
2006-05-17,15.39,21.79
2006-05-18,15.44,21.47
2006-05-19,15.31,21.55
2006-05-22,14.81,21.35
2006-05-23,15.09,21.37
2006-05-24,14.84,21.15
2006-05-25,15.11,21.99
2006-05-26,15.25,22.2
2006-05-30,15.15,22.1
2006-05-31,14.96,22.38
2006-06-01,14.87,22.38
2006-06-02,15.11,22.6
2006-06-05,14.88,22.09
2006-06-06,14.52,21.86
2006-06-07,14.36,21.44
2006-06-08,14.08,21.04
2006-06-09,14.33,21.32
2006-06-12,14.19,21.02
2006-06-13,13.34,20.23
2006-06-14,13.75,20.41
2006-06-15,14.29,21
2006-06-16,14.11,20.78
2006-06-19,13.86,20.32
2006-06-20,13.85,20.29
2006-06-21,14.23,20.82
2006-06-22,14.19,20.66
2006-06-23,14.18,20.78
2006-06-26,14.22,21.09
2006-06-27,14.11,20.95
2006-06-28,14.05,20.93
2006-06-29,14.86,21.63
2006-06-30,14.91,21.83
2006-07-03,15.05,22.07
2006-07-05,14.79,21.89
2006-07-06,15.03,21.82
2006-07-07,15.34,21.82
2006-07-10,15.32,21.64
2006-07-11,15.34,21.8
2006-07-12,15.05,21.67
2006-07-13,14.87,21.38
2006-07-14,14.45,21.41
2006-07-17,14.41,21
2006-07-18,14.32,21.06
2006-07-19,14.66,21.42
2006-07-20,14.59,21.09
2006-07-21,14.48,20.93
2006-07-24,14.91,21.29
2006-07-25,14.88,21.56
2006-07-26,14.78,21.9
2006-07-27,15.06,21.6
2006-07-28,15.29,21.83
2006-07-31,15.12,21.86
2006-08-01,15.04,21.98
2006-08-02,14.99,22.24
2006-08-03,14.95,22.23
2006-08-04,14.97,22.16
2006-08-07,14.88,22.19
2006-08-08,15.05,22.41
2006-08-09,14.94,22.43
2006-08-10,15.01,22.26
2006-08-11,14.86,22.28
2006-08-14,14.91,22.01
2006-08-15,15.21,22.36
2006-08-16,15.27,22.53
2006-08-17,15.33,22.45
2006-08-18,15.32,22.4
2006-08-21,15.55,22.82
2006-08-22,15.42,23.01
2006-08-23,15.33,23.04
2006-08-24,15.03,22.85
2006-08-25,15.11,22.87
2006-08-28,15.25,22.94
2006-08-29,15.56,22.88
2006-08-30,15.56,22.82
2006-08-31,15.7,22.83
2006-09-01,15.81,23.05
2006-09-05,16.17,23.03
2006-09-06,15.72,22.63
2006-09-07,15.5,22.32
2006-09-08,15.47,22.08
2006-09-11,14.94,21.54
2006-09-12,15,21.62
2006-09-13,15.17,21.81
2006-09-14,15.21,21.58
2006-09-15,15.18,21.6
2006-09-18,15.44,21.92
2006-09-19,15.09,21.58
2006-09-20,15.07,21.41
2006-09-21,14.99,21.6
2006-09-22,14.74,21.51
2006-09-25,15,21.59
2006-09-26,15.02,21.81
2006-09-27,15.31,22.12
2006-09-28,15.33,22.26
2006-09-29,15.36,22.08
2006-10-02,15.54,22.01
2006-10-03,15.3,21.33
2006-10-04,15.54,21.47
2006-10-05,15.8,21.79
2006-10-06,15.6,21.68
2006-10-09,15.65,21.66
2006-10-10,15.73,21.65
2006-10-11,15.78,21.24
2006-10-12,16.15,21.49
2006-10-13,16.16,21.87
2006-10-16,16.4,22.24
2006-10-17,16.05,21.96
2006-10-18,16.26,21.94
2006-10-19,16.37,22.37
2006-10-20,16.66,22.4
2006-10-23,16.58,22.5
2006-10-24,16.61,22.72
2006-10-25,16.69,23.04
2006-10-26,17.16,23.18
2006-10-27,16.86,22.82
2006-10-30,17.41,22.89
2006-10-31,17.18,23.22
2006-11-01,17.56,22.49
2006-11-02,17.29,22.88
2006-11-03,17.41,23.03
2006-11-06,17.66,23.24
2006-11-07,17.86,23.18
2006-11-08,17.47,23.34
2006-11-09,17.43,23.49
2006-11-10,17.34,23.28
2006-11-13,17.12,23.1
2006-11-14,17.38,23.1
2006-11-15,17.22,23.31
2006-11-16,17.06,23.1
2006-11-17,17.24,23.07
2006-11-20,16.86,23.17
2006-11-21,17.2,23.52
2006-11-22,17.57,23.57
2006-11-24,17.7,23.86
2006-11-27,17.42,23.64
2006-11-28,17.86,23.66
2006-11-29,17.98,23.82
2006-11-30,18.18,23.85
2006-12-01,17.81,23.85
2006-12-04,18.15,24.14
2006-12-05,18.03,24.25
2006-12-06,18.16,24.1
2006-12-07,18,24.05
2006-12-08,17.7,24.06
2006-12-11,17.98,24.02
2006-12-12,18.01,23.93
2006-12-13,18.19,23.89
2006-12-14,18.56,24.12
2006-12-15,18.38,23.73
2006-12-18,18.31,23.49
2006-12-19,18.32,23.62
2006-12-20,18.52,23.51
2006-12-21,18.39,23.2
2006-12-22,18.47,23.12
2006-12-26,18.53,22.97
2006-12-27,18.91,23.35
2006-12-28,18.99,23.43
2006-12-29,18.75,23.4
2007-01-03,18.79,22.83
2007-01-04,18.35,22.43
2007-01-05,17.97,22.35
2007-01-08,18.1,22.19
2007-01-09,18.23,22.24
2007-01-10,18.07,22.21
2007-01-11,18.28,22.32
2007-01-12,18.67,22.86
2007-01-16,18.63,22.52
2007-01-17,18.61,22.78
2007-01-18,18.75,22.51
2007-01-19,19.06,22.85
2007-01-22,19.01,22.57
2007-01-23,19.51,23.06
2007-01-24,19.31,23.31
2007-01-25,18.77,23.05
2007-01-26,18.78,23.23
2007-01-29,18.79,23.06
2007-01-30,19.2,23.33
2007-01-31,19.17,23.42
2007-02-01,19.11,23.6
2007-02-02,19.11,23.44
2007-02-05,19.22,23.55
2007-02-06,19.48,23.63
2007-02-07,19.64,23.52
2007-02-08,19.78,23.65
2007-02-09,19.63,23.61
2007-02-12,19.48,23.51
2007-02-13,19.94,23.98
2007-02-14,20.2,24.03
2007-02-15,20.18,24.26
2007-02-16,20.24,24.29
2007-02-20,20.38,24.1
2007-02-21,20.37,24.38
2007-02-22,20.54,24.3
2007-02-23,20.96,24.36
2007-02-26,21,24.5
2007-02-27,19.71,23.57
2007-02-28,19.85,23.57
2007-03-01,19.75,23.33
2007-03-02,19.67,22.96
2007-03-05,18.25,22.7
2007-03-06,19.68,23.05
2007-03-07,19.42,23.23
2007-03-08,19.52,23.35
2007-03-09,19.5,23.56
2007-03-12,20.09,23.49
2007-03-13,19.41,22.94
2007-03-14,19.82,23.02
2007-03-15,20.25,23.14
2007-03-16,20.09,23.08
2007-03-19,20.46,23.31
2007-03-20,20.79,23.68
2007-03-21,21.02,24.11
2007-03-22,21.12,24.04
2007-03-23,21,24.18
2007-03-26,21.62,24.26
2007-03-27,21.06,24.19
2007-03-28,20.73,24.09
2007-03-29,20.97,24.3
2007-03-30,21.2,24.23
2007-04-02,21.26,24.43
2007-04-03,21.73,24.73
2007-04-04,21.95,24.66
2007-04-05,22.08,24.84
2007-04-09,22.07,24.88
2007-04-10,22.6,24.83
2007-04-11,22.36,25
2007-04-12,22.78,25.34
2007-04-13,22.81,25.42
2007-04-16,23.02,25.83
2007-04-17,23.1,25.67
2007-04-18,23.11,25.8
2007-04-19,22.83,25.48
2007-04-20,22.96,25.85
2007-04-23,22.87,25.77
2007-04-24,22.45,25.67
2007-04-25,22.96,26.1
2007-04-26,22.7,25.73
2007-04-27,22.62,25.96
2007-04-30,22.34,25.83
2007-05-01,22.38,25.58
2007-05-02,22.91,26.04
2007-05-03,22.83,26.26
2007-05-04,23.11,26.45
2007-05-07,23.1,26.81
2007-05-08,23.03,26.78
2007-05-09,23.5,26.77
2007-05-10,23.05,26.48
2007-05-11,23.47,26.91
2007-05-14,23.35,26.81
2007-05-15,23.31,27.15
2007-05-16,23.05,27.21
2007-05-17,23.24,27.58
2007-05-18,23.34,27.81
2007-05-21,23.25,27.96
2007-05-22,23.04,27.76
2007-05-23,23.2,27.71
2007-05-24,22.35,27.53
2007-05-25,22.9,27.88
2007-05-29,22.84,27.89
2007-05-30,22.83,28.15
2007-05-31,23.15,28.18
2007-06-01,23.44,28.54
2007-06-04,23.71,28.62
2007-06-05,23.75,28.5
2007-06-06,23.35,28.11
2007-06-07,23.16,27.41
2007-06-08,23.43,27.73
2007-06-11,23.6,27.6
2007-06-12,22.92,27.44
2007-06-13,23.27,27.88
2007-06-14,23.35,28.21
2007-06-15,23.75,28.66
2007-06-18,23.88,28.74
2007-06-19,24.24,28.5
2007-06-20,24.2,28.06
2007-06-21,24.27,28.13
2007-06-22,24.1,27.91
2007-06-25,24.3,27.65
2007-06-26,23.8,27.23
2007-06-27,23.25,27.47
2007-06-28,23.74,27.83
2007-06-29,23.72,27.94
2007-07-02,24.37,28.31
2007-07-03,24.27,28.4
2007-07-05,24.6,28.62
2007-07-06,24.7,28.92
2007-07-09,24.94,28.98
2007-07-10,24.57,28.8
2007-07-11,24.6,28.83
2007-07-12,25.1,29.51
2007-07-13,25.18,29.78
2007-07-16,25.22,29.58
2007-07-17,25.12,29.68
2007-07-18,25.09,30.08
2007-07-19,25.45,30.27
2007-07-20,25.38,30
2007-07-23,25.6,29.78
2007-07-24,25.24,29.26
2007-07-25,25.35,29.19
2007-07-26,23.73,28.24
2007-07-27,22.75,27.78
2007-07-30,23.38,27.91
2007-07-31,23.29,27.94
2007-08-01,22.79,27.67
2007-08-02,23.05,28.26
2007-08-03,22.05,27.68
2007-08-06,22.73,27.54
2007-08-07,22.97,27.61
2007-08-08,23.74,28.28
2007-08-09,22.54,27.37
2007-08-10,22.6,27.45
2007-08-13,22.66,27.38
2007-08-14,21.62,26.63
2007-08-15,20.46,25.95
2007-08-16,19.39,25.6
2007-08-17,20.18,26.5
2007-08-20,21.1,26.76
2007-08-21,21,26.87
2007-08-22,21.85,27.36
2007-08-23,22.67,27.56
2007-08-24,23.1,27.85
2007-08-27,22.9,27.58
2007-08-28,22.08,26.82
2007-08-29,23.03,27.92
2007-08-30,22.37,27.5
2007-08-31,23.19,27.98
2007-09-04,23.72,28.37
2007-09-05,22.85,28.15
2007-09-06,23.59,28.32
2007-09-07,23.06,28.05
2007-09-10,23.09,27.92
2007-09-11,24.12,28.39
2007-09-12,23.8,28.76
2007-09-13,24.14,28.98
2007-09-14,24.19,29.17
2007-09-17,23.66,29.16
2007-09-18,24.59,30.01
2007-09-19,25.24,29.84
2007-09-20,25.27,30.02
2007-09-21,25.45,30.24
2007-09-24,25.78,30.25
2007-09-25,26.21,30.35
2007-09-26,26.55,30.45
2007-09-27,26.8,30.75
2007-09-28,27.04,30.81
2007-10-01,27.84,31.23
2007-10-02,27.51,30.97
2007-10-03,27.38,30.64
2007-10-04,27.34,31.03
2007-10-05,27.89,31.66
2007-10-08,27.45,31.51
2007-10-09,28.31,31.67
2007-10-10,28.27,31.85
2007-10-11,28.5,31.8
2007-10-12,28.73,32.31
2007-10-15,28.25,31.81
2007-10-16,27.58,31.5
2007-10-17,27.67,31.88
2007-10-18,28.35,32.55
2007-10-19,27.08,31.64
2007-10-22,27.17,31.73
2007-10-23,28.02,31.86
2007-10-24,28.11,31.9
2007-10-25,28.2,31.98
2007-10-26,29.17,32.62
2007-10-29,29.57,33.23
2007-10-30,29.09,32.89
2007-10-31,29.96,34.16
2007-11-01,28.63,33.21
2007-11-02,28.99,33.99
2007-11-05,28.25,33.73
2007-11-06,28.92,34.5
2007-11-07,28.36,33.63
2007-11-08,28.65,33.08
2007-11-09,27.46,32.32
2007-11-12,26.01,30.75
2007-11-13,27.49,31.54
2007-11-14,27.5,31.34
2007-11-15,26.51,29.98
2007-11-16,26.89,30.41
2007-11-19,26.09,29.6
2007-11-20,26.65,30.09
2007-11-21,25.44,29.29
2007-11-23,25.81,29.93
2007-11-26,25.35,30.01
2007-11-27,25.9,29.5
2007-11-28,26.9,30.38
2007-11-29,26.61,30.49
2007-11-30,26.89,29.99
2007-12-03,26.76,29.88
2007-12-04,26.34,29.28
2007-12-05,26.73,29.69
2007-12-06,27.33,30.02
2007-12-07,27.01,30.15
2007-12-10,27.62,30.35
2007-12-11,26.77,29.48
2007-12-12,27.15,29.79
2007-12-13,26.92,29.53
2007-12-14,25.57,29.36
2007-12-17,24.45,29.11
2007-12-18,24.59,29.08
2007-12-19,24.45,29.25
2007-12-20,24.48,29.38
2007-12-21,25.25,30.04
2007-12-24,25.53,30.57
2007-12-26,25.56,30.69
2007-12-27,25.37,30.67
2007-12-28,25.65,31.01
2007-12-31,25.35,30.58
2008-01-02,25.31,30.87
2008-01-03,25.45,31.01
2008-01-04,24.62,30.2
2008-01-07,24.55,29.75
2008-01-08,24.3,29.56
2008-01-09,24.65,29.64
2008-01-10,25.07,29.77
2008-01-11,24.2,29.27
2008-01-14,24.67,29.54
2008-01-15,23.53,28.7
2008-01-16,23.17,27.88
2008-01-17,22.24,27.03
2008-01-18,22.62,27
2008-01-22,21.39,26.83
2008-01-23,21.43,27.12
2008-01-24,22.48,28.05
2008-01-25,23.32,28.11
2008-01-28,23.78,28.05
2008-01-29,23.39,28.67
2008-01-30,22.73,28.72
2008-01-31,23.41,28.75
2008-02-01,24.96,29.39
2008-02-04,24.3,28.87
2008-02-05,22.99,28.23
2008-02-06,22.8,28.31
2008-02-07,22.78,28.03
2008-02-08,22.76,28.51
2008-02-11,22.91,28.82
2008-02-12,23.27,28.76
2008-02-13,22.79,29.3
2008-02-14,22.86,29.05
2008-02-15,23.26,28.85
2008-02-19,23.37,29.04
2008-02-20,23.05,29.5
2008-02-21,22.98,29.48
2008-02-22,23.36,29.64
2008-02-25,24.21,30.42
2008-02-26,24.48,31
2008-02-27,24.75,31
2008-02-28,24.34,31.42
2008-02-29,23.07,30.48
2008-03-03,23.35,30.24
2008-03-04,22.61,29.87
2008-03-05,23.13,30.48
2008-03-06,22.34,29.84
2008-03-07,21.75,29.5
2008-03-10,21.26,28.72
2008-03-11,22.29,29.6
2008-03-12,22.17,29.61
2008-03-13,22.4,30.11
2008-03-14,21.81,29.69
2008-03-17,21.24,28.6
2008-03-18,21.89,29.16
2008-03-19,21.44,27.49
2008-03-20,21.37,27.49
2008-03-24,22.05,28.17
2008-03-25,22.05,28.91
2008-03-26,22.56,28.97
2008-03-27,22.38,28.97
2008-03-28,22.31,28.73
2008-03-31,22.29,28.78
2008-04-01,22.92,29.15
2008-04-02,23.23,29.57
2008-04-03,23.79,29.98
2008-04-04,24.12,30.09
2008-04-07,24.2,30.1
2008-04-08,24.21,30.15
2008-04-09,23.54,30.05
2008-04-10,23.47,30.38
2008-04-11,23.03,29.71
2008-04-14,22.8,29.95
2008-04-15,23.33,30.24
2008-04-16,24.42,31.44
2008-04-17,23.91,31.21
2008-04-18,23.9,31.62
2008-04-21,24.71,31.87
2008-04-22,24.39,31.9
2008-04-23,24.92,30.98
2008-04-24,24.46,30.8
2008-04-25,24.46,31.12
2008-04-28,24.3,31.1
2008-04-29,23.99,30.46
2008-04-30,24.31,30.93
2008-05-01,24.49,30.83
2008-05-02,24.96,31.37
2008-05-05,25.14,31.51
2008-05-06,25.37,32.22
2008-05-07,24.39,31.96
2008-05-08,25.15,32.22
2008-05-09,25.32,32.4
2008-05-12,26.05,32.92
2008-05-13,25.79,32.74
2008-05-14,25.96,32.73
2008-05-15,26.41,33.34
2008-05-16,26.85,33.79
2008-05-19,26.72,33.86
2008-05-20,26.28,34.22
2008-05-21,26,33.81
2008-05-22,26.17,33.88
2008-05-23,25.66,33.6
2008-05-27,25.8,32.91
2008-05-28,25.66,33.44
2008-05-29,25.54,33.15
2008-05-30,25.8,33.48
2008-06-02,25.37,33.38
2008-06-03,24.71,32.87
2008-06-04,24.6,32.62
2008-06-05,25.13,33.36
2008-06-06,24.55,33.13
2008-06-09,24.23,33.09
2008-06-10,23.85,32.43
2008-06-11,23.61,32.69
2008-06-12,23.18,32.19
2008-06-13,23.62,32.44
2008-06-16,23.39,33
2008-06-17,23.86,33.48
2008-06-18,23.78,33.45
2008-06-19,23.92,32.86
2008-06-20,23.16,32.28
2008-06-23,23.26,32.53
2008-06-24,23.28,32.07
2008-06-25,23.48,31.93
2008-06-26,23.07,31.57
2008-06-27,23.43,31.71
2008-06-30,23,31.62
2008-07-01,22.51,31.71
2008-07-02,22.1,31
2008-07-03,22.08,30.76
2008-07-07,21.85,30.29
2008-07-08,22,30.41
2008-07-09,21.65,30.13
2008-07-10,22.1,30.5
2008-07-11,21.79,30.34
2008-07-14,21.98,30.51
2008-07-15,21.5,29.63
2008-07-16,22.15,30.13
2008-07-17,22.2,29.93
2008-07-18,22.02,30.09
2008-07-21,22.75,30.6
2008-07-22,22.75,30.33
2008-07-23,22.99,29.99
2008-07-24,22.41,29.03
2008-07-25,22.23,29.33
2008-07-28,21.29,29.01
2008-07-29,21.51,29.11
2008-07-30,21.7,30
2008-07-31,21.41,29.82
2008-08-01,20.72,29.27
2008-08-04,20.49,28.27
2008-08-05,20.7,28.37
2008-08-06,20.9,28.72
2008-08-07,20.48,28.3
2008-08-08,20.51,27.82
2008-08-11,20.42,27.64
2008-08-12,20.14,27.56
2008-08-13,19.87,28.02
2008-08-14,19.72,28.06
2008-08-15,19.59,27.59
2008-08-18,19.56,27.44
2008-08-19,19.28,27.44
2008-08-20,19.8,28.09
2008-08-21,19.81,28.97
2008-08-22,19.84,28.71
2008-08-25,19.51,28.23
2008-08-26,19.57,28.29
2008-08-27,19.87,28.88
2008-08-28,20.49,29.21
2008-08-29,20.35,28.85
2008-09-02,19.77,27.77
2008-09-03,19.52,27.56
2008-09-04,18.2,26.59
2008-09-05,18.12,26.81
2008-09-08,18.92,26.45
2008-09-09,17.6,25.17
2008-09-10,17.98,25.91
2008-09-11,17.77,26.33
2008-09-12,18.79,26.88
2008-09-15,17.19,25.43
2008-09-16,17.47,25.59
2008-09-17,16.27,24.78
2008-09-18,17.27,25.44
2008-09-19,18.82,27.48
2008-09-22,19.21,27.6
2008-09-23,18.96,27.34
2008-09-24,19.23,27.18
2008-09-25,19.56,27.13
2008-09-26,19.13,26.24
2008-09-29,16.33,24.27
2008-09-30,17.07,24.81
2008-10-01,17.28,24.62
2008-10-02,16.13,22.48
2008-10-03,16.01,22
2008-10-06,13.64,20.8
2008-10-07,13.55,19.51
2008-10-08,12.49,20.02
2008-10-09,12.07,18.39
2008-10-10,10.94,17.32
2008-10-13,13.93,19.65
2008-10-14,13.11,18.86
2008-10-15,11.46,17.22
2008-10-16,12.49,17.27
2008-10-17,11.63,17.54
2008-10-20,13.24,18.76
2008-10-21,12.21,17.65
2008-10-22,11.09,16.02
2008-10-23,11.14,16.13
2008-10-24,9.77,15.66
2008-10-27,9.23,14.26
2008-10-28,10.93,15.66
2008-10-29,10.88,16.6
2008-10-30,11.77,17.72
2008-10-31,11.52,17.65
2008-11-03,12.33,18.04
2008-11-04,13.63,19.54
2008-11-05,12.76,18.65
2008-11-06,11.42,17.68
2008-11-07,12.08,17.68
2008-11-10,11.36,17.79
2008-11-11,10.81,17.08
2008-11-12,9.88,15.54
2008-11-13,11.05,16.83
2008-11-14,9.89,16
2008-11-17,9.42,15.61
2008-11-18,9.41,15.5
2008-11-19,8.45,14.73
2008-11-20,7.49,12.94
2008-11-21,8.9,13.67
2008-11-24,9.41,14.65
2008-11-25,10.01,14.95
2008-11-26,10.05,15.22
2008-11-28,10.19,15.58
2008-12-01,9.03,14.81
2008-12-02,9.58,14.5
2008-12-03,9.76,14.45
2008-12-04,9.08,13.73
2008-12-05,9.45,13.91
2008-12-08,10.37,14.79
2008-12-09,9.66,14.52
2008-12-10,9.96,14.79
2008-12-11,9.88,14.86
2008-12-12,9.92,14.93
2008-12-15,9.91,14.97
2008-12-16,10.87,15.83
2008-12-17,10.63,15.77
2008-12-18,9.98,15.29
2008-12-19,10.24,15.27
2008-12-22,10.19,14.81
2008-12-23,10.01,15.08
2008-12-24,10.29,15.01
2008-12-26,10.54,14.98
2008-12-29,10.36,15.48
2008-12-30,10.81,15.88
2008-12-31,11.43,16.22
2009-01-02,11.58,16.67
2009-01-05,11.39,17.21
2009-01-06,11.83,17.67
2009-01-07,11.27,16.91
2009-01-08,11.38,17.3
2009-01-09,10.92,16.83
2009-01-12,10.42,15.94
2009-01-13,10.17,16.1
2009-01-14,9.72,15.31
2009-01-15,9.93,15.51
2009-01-16,9.99,15.73
2009-01-20,8.93,14.54
2009-01-21,9.59,15.26
2009-01-22,9.22,14.74
2009-01-23,9.01,15.28
2009-01-26,9.08,15.44
2009-01-27,9.41,15.66
2009-01-28,9.84,16.16
2009-01-29,9.2,15.71
2009-01-30,9.03,15.49
2009-02-02,9.08,15.16
2009-02-03,9.51,15.36
2009-02-04,9.13,15.45
2009-02-05,9.45,15.89
2009-02-06,10.09,16.25
2009-02-09,10.11,16.39
2009-02-10,9.13,15.57
2009-02-11,9.48,15.5
2009-02-12,9.56,15.51
2009-02-13,9.67,15.37
2009-02-17,8.83,14.31
2009-02-18,8.89,14.15
2009-02-19,9.01,14.08
2009-02-20,9,13.85
2009-02-23,8.61,13.2
2009-02-24,9.16,13.68
2009-02-25,8.84,13.68
2009-02-26,8.81,14.14
2009-02-27,8.64,13.88
2009-03-02,8.01,12.76
2009-03-03,8.2,12.77
2009-03-04,8.65,13.29
2009-03-05,8.1,12.81
2009-03-06,8.19,12.82
2009-03-09,7.93,12.58
2009-03-10,8.73,13.38
2009-03-11,8.81,13.6
2009-03-12,9.07,14.24
2009-03-13,9.34,14.27
2009-03-16,9.39,14.53
2009-03-17,9.94,14.85
2009-03-18,10.13,15.33
2009-03-19,10.36,15.62
2009-03-20,10.27,15.13
2009-03-23,11.12,16.25
2009-03-24,10.81,15.94
2009-03-25,11.05,15.93
2009-03-26,11.43,16.3
2009-03-27,11.02,15.85
2009-03-30,10.37,14.99
2009-03-31,10.81,15.25
2009-04-01,11.04,15.78
2009-04-02,11.83,16.2
2009-04-03,11.98,16.53
2009-04-06,11.74,16.34
2009-04-07,11.4,15.86
2009-04-08,11.3,16.03
2009-04-09,11.84,16.8
2009-04-13,12.12,17.05
2009-04-14,11.92,16.87
2009-04-15,12.16,17.18
2009-04-16,12.2,17.32
2009-04-17,12.13,17.43
2009-04-20,11.15,16.47
2009-04-21,11.57,16.75
2009-04-22,11.29,16.75
2009-04-23,11.82,17.28
2009-04-24,12.01,17.72
2009-04-27,11.62,17.24
2009-04-28,11.41,17.08
2009-04-29,12.02,17.6
2009-04-30,12.11,17.53
2009-05-01,12.23,18.14
2009-05-04,13.06,19.03
2009-05-05,12.91,19.03
2009-05-06,13.22,19.73
2009-05-07,13.11,19.19
2009-05-08,13.8,20.14
2009-05-11,13.17,19.71
2009-05-12,13.3,19.75
2009-05-13,12.5,18.61
2009-05-14,12.72,19.11
2009-05-15,12.43,18.8
2009-05-18,13.07,19.68
2009-05-19,13.36,19.8
2009-05-20,13.37,20.44
2009-05-21,13.08,19.93
2009-05-22,13.23,20.3
2009-05-26,13.66,20.98
2009-05-27,13.1,20.72
2009-05-28,13.24,21.36
2009-05-29,13.89,21.89
2009-06-01,14.58,22.29
2009-06-02,14.87,22.43
2009-06-03,14.4,21.34
2009-06-04,14.32,21.88
2009-06-05,14.27,21.57
2009-06-08,14.03,21.56
2009-06-09,14.44,21.87
2009-06-10,14.77,21.8
2009-06-11,15.27,22.16
2009-06-12,15.07,21.82
2009-06-15,14.28,20.91
2009-06-16,14.14,20.7
2009-06-17,13.9,20.23
2009-06-18,14.14,20.26
2009-06-19,14.23,20.56
2009-06-22,13.53,19.35
2009-06-23,13.5,19.45
2009-06-24,13.78,19.92
2009-06-25,14.14,20.48
2009-06-26,14.28,20.46
2009-06-29,14.44,20.73
2009-06-30,14.27,20.3
2009-07-01,14.34,20.61
2009-07-02,13.69,20.14
2009-07-06,13.59,19.73
2009-07-07,13.12,19.18
2009-07-08,13.02,18.75
2009-07-09,13.22,19.12
2009-07-10,13.19,18.91
2009-07-13,13.32,19.41
2009-07-14,13.88,20
2009-07-15,14.69,20.92
2009-07-16,14.82,21.11
2009-07-17,14.75,21.29
2009-07-20,15.28,21.82
2009-07-21,15.19,21.72
2009-07-22,15.16,21.82
2009-07-23,15.5,22.57
2009-07-24,15.45,22.7
2009-07-27,15.69,22.87
2009-07-28,15.76,22.46
2009-07-29,15.5,22.03
2009-07-30,16.08,22.64
2009-07-31,16.4,23.08
2009-08-03,16.91,23.72
2009-08-04,16.9,23.59
2009-08-05,16.73,23.63
2009-08-06,16.85,23.05
2009-08-07,16.94,23
2009-08-10,16.72,22.73
2009-08-11,16.55,22.07
2009-08-12,17,22.4
2009-08-13,17.59,22.74
2009-08-14,17.08,22.5
2009-08-17,16.59,21.65
2009-08-18,16.94,21.98
2009-08-19,17.03,22.21
2009-08-20,16.97,22.39
2009-08-21,16.96,22.81
2009-08-24,17.38,22.83
2009-08-25,17.4,22.95
2009-08-26,17.21,22.8
2009-08-27,17.63,23.07
2009-08-28,17.84,23.03
2009-08-31,17.74,22.66
2009-09-01,17.32,22.05
2009-09-02,17.27,22.07
2009-09-03,17.66,22.72
2009-09-04,18,23.13
2009-09-08,18.59,23.5
2009-09-09,18.66,23.33
2009-09-10,18.94,23.68
2009-09-11,18.9,23.89
2009-09-14,18.79,24.04
2009-09-15,18.79,24.65
2009-09-16,19.79,24.93
2009-09-17,19.5,24.83
2009-09-18,19.52,24.78
2009-09-21,19.29,24.32
2009-09-22,19.68,24.92
2009-09-23,19.64,24.58
2009-09-24,19.26,23.81
2009-09-25,19.47,23.56
2009-09-28,19.83,23.93
2009-09-29,19.93,24.04
2009-09-30,20.07,24.36
2009-10-01,19.25,23.3
2009-10-02,18.91,23.16
2009-10-05,19.34,23.71
2009-10-06,19.83,24.24
2009-10-07,20.1,24.41
2009-10-08,20.95,24.93
2009-10-09,20.84,24.99
2009-10-12,20.91,25.21
2009-10-13,20.9,25.16
2009-10-14,21.62,25.68
2009-10-15,21.79,25.44
2009-10-16,21.51,25.38
2009-10-19,21.84,25.67
2009-10-20,21.58,25.13
2009-10-21,21.56,24.95
2009-10-22,21.88,25.15
2009-10-23,21.62,24.72
2009-10-26,21.28,23.99
2009-10-27,20.99,23.59
2009-10-28,19.93,22.75
2009-10-29,20.39,23.53
2009-10-30,19.4,22.73
2009-11-02,19.75,22.83
2009-11-03,19.6,23.34
2009-11-04,19.78,23.52
2009-11-05,20,23.8
2009-11-06,20.4,23.78
2009-11-09,21.43,24.8
2009-11-10,21.5,24.78
2009-11-11,21.6,24.89
2009-11-12,21.12,24.46
2009-11-13,21.58,24.75
2009-11-16,21.97,24.99
2009-11-17,21.6,25.26
2009-11-18,21.49,25.2
2009-11-19,20.99,24.8
2009-11-20,20.77,24.65
2009-11-23,21.26,25.13
2009-11-24,20.88,24.9
2009-11-25,21.46,25.36
2009-11-27,20.29,24.57
2009-11-30,20.8,24.79
2009-12-01,21.37,25.61
2009-12-02,21.35,25.62
2009-12-03,21.09,25.13
2009-12-04,20.99,24.79
2009-12-07,20.6,24.86
2009-12-08,20.14,24.28
2009-12-09,20.28,24.55
2009-12-10,20.54,24.76
2009-12-11,20.43,24.49
2009-12-14,20.64,24.89
2009-12-15,20.3,24.77
2009-12-16,20.21,25.02
2009-12-17,19.86,24.47
2009-12-18,20,24.58
2009-12-21,19.74,24.73
2009-12-22,19.86,25.06
2009-12-23,20.16,25.39
2009-12-24,20.61,25.5
2009-12-28,20.66,25.62
2009-12-29,20.89,25.57
2009-12-30,20.88,25.31
2009-12-31,20.92,25.45
2010-01-04,21.8,26.04
2010-01-05,21.87,26.19
2010-01-06,21.96,26.4
2010-01-07,21.85,26.31
2010-01-08,22.13,26.45
2010-01-11,22.37,26.37
2010-01-12,21.57,25.89
2010-01-13,21.93,26.16
2010-01-14,22.23,26.24
2010-01-15,21.72,25.84
2010-01-19,22.07,25.87
2010-01-20,21.36,25.26
2010-01-21,20.58,24.72
2010-01-22,20.12,24.2
2010-01-25,20.46,24.27
2010-01-26,20.06,24.19
2010-01-27,19.96,24.07
2010-01-28,19.76,23.81
2010-01-29,19.18,23.56
2010-02-01,19.69,24.02
2010-02-02,19.84,24.32
2010-02-03,19.57,24.21
2010-02-04,18.55,23.45
2010-02-05,18.67,23.63
2010-02-08,18.54,23.37
2010-02-09,19.14,23.85
2010-02-10,19.01,24.04
2010-02-11,19.74,24.61
2010-02-12,19.36,24.62
2010-02-16,20.22,25.2
2010-02-17,20.46,25.23
2010-02-18,20.63,25.54
2010-02-19,20.46,25.56
2010-02-22,20.76,25.4
2010-02-23,20.3,24.74
2010-02-24,20.42,24.84
2010-02-25,19.9,24.95
2010-02-26,20.22,25.03
2010-03-01,20.85,25.56
2010-03-02,20.97,25.95
2010-03-03,21.23,26.15
2010-03-04,21.1,26.07
2010-03-05,21.69,26.48
2010-03-08,21.56,26.54
2010-03-09,21.8,26.48
2010-03-10,21.88,26.53
2010-03-11,21.81,26.63
2010-03-12,21.8,26.81
2010-03-15,21.55,26.77
2010-03-16,21.97,27.17
2010-03-17,22.24,27.31
2010-03-18,22.06,27.04
2010-03-19,21.83,26.85
2010-03-22,21.99,26.79
2010-03-23,22.33,27.04
2010-03-24,21.84,26.59
2010-03-25,21.9,26.64
2010-03-26,21.91,26.6
2010-03-29,22.3,26.94
2010-03-30,22.34,27.03
2010-03-31,22.09,27.03
2010-04-01,22.55,27.54
2010-04-05,22.7,27.75
2010-04-06,22.86,27.73
2010-04-07,22.68,27.49
2010-04-08,22.67,27.58
2010-04-09,22.87,27.74
2010-04-12,22.79,27.69
2010-04-13,22.74,27.6
2010-04-14,23.2,27.9
2010-04-15,23.15,27.86
2010-04-16,22.56,27.19
2010-04-19,22.4,27.23
2010-04-20,22.75,27.76
2010-04-21,22.63,27.69
2010-04-22,22.46,27.77
2010-04-23,22.37,27.89
2010-04-26,22.32,27.97
2010-04-27,21.43,27.16
2010-04-28,21.83,27.23
2010-04-29,22.04,27.74
2010-04-30,21.52,27.35
2010-05-03,21.81,27.58
2010-05-04,20.57,26.75
2010-05-05,20.38,26.26
2010-05-06,18.89,25.51
2010-05-07,18.92,25.48
2010-05-10,20.51,26.63
2010-05-11,20,26.79
2010-05-12,20.16,27.28
2010-05-13,20.03,26.98
2010-05-14,19.29,26.48
2010-05-17,19.08,26.16
2010-05-18,18.52,25.93
2010-05-19,17.81,25.61
2010-05-20,16.55,24.32
2010-05-21,17.37,24.8
2010-05-24,17.33,24.5
2010-05-25,17.18,24.55
2010-05-26,17.02,24.59
2010-05-27,18.32,25.51
2010-05-28,18.19,25.29
2010-06-01,17.56,24.98
2010-06-02,18.14,25.84
2010-06-03,18.2,25.79
2010-06-04,17.16,24.82
2010-06-07,16.73,24.6
2010-06-08,17.51,25.03
2010-06-09,17.56,24.91
2010-06-10,18.6,25.71
2010-06-11,18.71,25.71
2010-06-14,18.86,25.78
2010-06-15,19.31,26.5
2010-06-16,19.17,26.55
2010-06-17,19.12,26.55
2010-06-18,19.31,26.74
2010-06-21,19.54,26.63
2010-06-22,19.14,26.2
2010-06-23,19.03,25.77
2010-06-24,18.61,25.32
2010-06-25,18.73,25.55
2010-06-28,18.45,25.37
2010-06-29,17.49,24.15
2010-06-30,17.27,23.99
2010-07-01,17.28,23.73
2010-07-02,17.27,23.73
2010-07-06,17.57,23.94
2010-07-07,18.17,24.56
2010-07-08,18.64,24.77
2010-07-09,18.79,25.33
2010-07-12,18.65,25.26
2010-07-13,18.91,25.56
2010-07-14,19.02,25.43
2010-07-15,19,25.59
2010-07-16,18.33,24.8
2010-07-19,18.39,24.7
2010-07-20,19.08,25.18
2010-07-21,18.61,24.77
2010-07-22,19.25,25.35
2010-07-23,19.6,25.51
2010-07-26,19.9,25.7
2010-07-27,19.82,25.56
2010-07-28,19.67,25.46
2010-07-29,19.85,25.64
2010-07-30,19.84,25.78
2010-08-02,20.55,26.26
2010-08-03,20.31,26.11
2010-08-04,20.54,26.35
2010-08-05,20.37,26.21
2010-08-06,20.36,26
2010-08-09,20.57,26.1
2010-08-10,20.18,25.95
2010-08-11,19.18,25.02
2010-08-12,19.13,24.92
2010-08-13,19.29,24.89
2010-08-16,19.52,24.85
2010-08-17,19.9,25.58
2010-08-18,19.75,25.8
2010-08-19,19.33,25.43
2010-08-20,19.39,25.21
2010-08-23,19.19,25.06
2010-08-24,18.7,24.55
2010-08-25,18.65,24.69
2010-08-26,18.74,24.76
2010-08-27,19.46,25.44
2010-08-30,19.31,25.33
2010-08-31,19.35,25.22
2010-09-01,20.52,25.76
2010-09-02,20.54,25.98
2010-09-03,20.71,26.35
2010-09-07,20.51,26.13
2010-09-08,20.72,26.24
2010-09-09,21.04,26.31
2010-09-10,20.99,26.36
2010-09-13,21.52,26.73
2010-09-14,21.71,26.81
2010-09-15,21.7,26.72
2010-09-16,21.49,26.79
2010-09-17,21.41,26.66
2010-09-20,21.93,26.9
2010-09-21,21.83,26.83
2010-09-22,21.85,26.61
2010-09-23,21.62,26.42
2010-09-24,22.24,26.92
2010-09-27,22.27,26.78
2010-09-28,22.67,26.93
2010-09-29,22.42,27.01
2010-09-30,22.03,27.15
2010-10-01,22.28,27.45
2010-10-04,22.07,27.27
2010-10-05,22.61,27.84
2010-10-06,22.82,28.02
2010-10-07,22.76,27.67
2010-10-08,23.15,28.03
2010-10-11,23.02,28.12
2010-10-12,22.8,28.13
2010-10-13,22.97,28.52
2010-10-14,23.18,28.39
2010-10-15,23.13,28.2
2010-10-18,23.05,28.13
2010-10-19,22.2,27.53
2010-10-20,22.76,27.93
2010-10-21,22.49,27.76
2010-10-22,22.63,27.71
2010-10-25,23.17,28
2010-10-26,22.95,27.93
2010-10-27,22.5,27.59
2010-10-28,22.75,27.72
2010-10-29,22.76,28.04
2010-11-01,22.93,28.15
2010-11-02,23.47,28.34
2010-11-03,23.68,28.4
2010-11-04,24.53,29.05
2010-11-05,24.56,29.13
2010-11-08,24.31,29.27
2010-11-09,23.75,28.97
2010-11-10,23.86,29.18
2010-11-11,23.57,29.08
2010-11-12,23.08,28.51
2010-11-15,23.1,28.49
2010-11-16,22.61,27.77
2010-11-17,22.61,27.84
2010-11-18,23.11,28.36
2010-11-19,22.91,28.67
2010-11-22,22.88,28.67
2010-11-23,22,28.17
2010-11-24,22.61,28.74
2010-11-26,21.94,28.5
2010-11-29,22.21,28.56
2010-11-30,21.81,28.45
2010-12-01,22.46,29.16
2010-12-02,23.03,29.56
2010-12-03,23.34,29.62
2010-12-06,23.19,29.68
2010-12-07,23.23,29.53
2010-12-08,23.07,29.33
2010-12-09,23.3,29.39
2010-12-10,23.49,29.62
2010-12-13,23.79,29.77
2010-12-14,23.91,29.75
2010-12-15,23.43,29.69
2010-12-16,23.7,29.58
2010-12-17,23.58,29.5
2010-12-20,23.58,29.35
2010-12-21,23.85,29.66
2010-12-22,24,29.78
2010-12-23,24.11,29.94
2010-12-27,24.08,29.9
2010-12-28,24.15,30.11
2010-12-29,24.34,30.39
2010-12-30,24.33,30.37
2010-12-31,24.35,30.44
2011-01-03,24.5,30.69
2011-01-04,23.84,30.36
2011-01-05,23.67,30.42
2011-01-06,23.42,30.27
2011-01-07,23.33,30.29
2011-01-10,23.36,30.17
2011-01-11,23.32,30.62
2011-01-12,23.62,30.88
2011-01-13,23.79,30.68
2011-01-14,23.8,30.76
2011-01-18,24.01,30.93
2011-01-19,23.99,30.57
2011-01-20,23.57,30.29
2011-01-21,23.55,30.36
2011-01-24,23.94,30.44
2011-01-25,23.82,30.16
2011-01-26,24.01,30.68
2011-01-27,23.94,30.63
2011-01-28,23.48,30.45
2011-01-31,23.78,30.73
2011-02-01,24.28,31.36
2011-02-02,24.2,31.41
2011-02-03,24.54,31.65
2011-02-04,24.77,31.65
2011-02-07,24.86,31.63
2011-02-08,25.01,31.67
2011-02-09,24.88,31.45
2011-02-10,24.77,31.56
2011-02-11,24.7,31.66
2011-02-14,24.94,31.92
2011-02-15,24.68,31.91
2011-02-16,24.93,32.39
2011-02-17,25.22,32.55
2011-02-18,25.18,32.55
2011-02-22,24.23,32.04
2011-02-23,24.33,32.09
2011-02-24,24.44,32.05
2011-02-25,24.94,32.62
2011-02-28,25.02,33.11
2011-03-01,24.44,32.91
2011-03-02,24.75,33.07
2011-03-03,25.02,33.33
2011-03-04,24.86,33.42
2011-03-07,24.45,32.97
2011-03-08,24.64,32.84
2011-03-09,24.47,32.66
2011-03-10,23.59,31.79
2011-03-11,23.88,32.03
2011-03-14,23.62,31.89
2011-03-15,22.91,31.36
2011-03-16,22.36,31.07
2011-03-17,22.65,31.75
2011-03-18,23.31,31.92
2011-03-21,23.86,32.62
2011-03-22,23.86,32.59
2011-03-23,24.06,32.69
2011-03-24,24.57,32.75
2011-03-25,24.68,32.57
2011-03-28,24.66,32.32
2011-03-29,25.07,32.51
2011-03-30,25.45,32.98
2011-03-31,25.53,33.05
2011-04-01,25.84,33.37
2011-04-04,25.81,33.44
2011-04-05,25.78,33.64
2011-04-06,26.21,33.65
2011-04-07,26.19,33.41
2011-04-08,26.47,33.73
2011-04-11,26.53,33.2
2011-04-12,26,32.56
2011-04-13,26.21,32.61
2011-04-14,26.27,32.63
2011-04-15,26.14,32.55
2011-04-18,25.78,32.2
2011-04-19,25.82,32.55
2011-04-20,26.62,33.02
2011-04-21,26.95,33.28
2011-04-25,26.98,33.06
2011-04-26,27.13,33.16
2011-04-27,27.19,33.17
2011-04-28,27.26,33.15
2011-04-29,27.18,33.14
2011-05-02,26.84,33.25
2011-05-03,26.41,32.59
2011-05-04,25.73,32.2
2011-05-05,25.32,31.48
2011-05-06,25.79,31.72
2011-05-09,26.1,32.09
2011-05-10,26.24,32.23
2011-05-11,25.7,31.58
2011-05-12,25.54,31.48
2011-05-13,25.12,31.21
2011-05-16,25.11,31.2
2011-05-17,25.32,31.35
2011-05-18,25.56,31.84
2011-05-19,25.79,31.91
2011-05-20,25.53,31.78
2011-05-23,24.68,31.2
2011-05-24,24.86,31.53
2011-05-25,24.77,31.86
2011-05-26,25.21,31.99
2011-05-27,25.45,32.02
2011-05-31,25.63,32.34
2011-06-01,25.01,31.41
2011-06-02,24.98,31.38
2011-06-03,24.8,31.29
2011-06-06,24.69,30.76
2011-06-07,24.89,30.8
2011-06-08,24.42,30.52
2011-06-09,24.76,30.83
2011-06-10,24.24,30.28
2011-06-13,24.31,30.15
2011-06-14,24.97,30.71
2011-06-15,24.25,30.07
2011-06-16,24.02,29.74
2011-06-17,24.32,29.68
2011-06-20,24.14,29.77
2011-06-21,24.59,30.49
2011-06-22,24.39,30.43
2011-06-23,24.25,30.08
2011-06-24,23.99,29.65
2011-06-27,23.95,29.8
2011-06-28,24.44,30.32
2011-06-29,24.83,30.9
2011-06-30,25.4,31.32
2011-07-01,25.59,31.55
2011-07-05,25.16,31.64
2011-07-06,24.99,31.49
2011-07-07,25.43,31.68
2011-07-08,25.3,31.59
2011-07-11,24.57,30.92
2011-07-12,24.21,31.05
2011-07-13,24.68,31.48
2011-07-14,24.35,31.24
2011-07-15,24.2,31.61
2011-07-18,23.95,31.25
2011-07-19,24.54,31.75
2011-07-20,24.83,31.89
2011-07-21,25.25,32.24
2011-07-22,25.43,32.26
2011-07-25,25.09,32.22
2011-07-26,25.33,31.94
2011-07-27,25.03,31.05
2011-07-28,24.81,31.01
2011-07-29,24.56,30.59
2011-08-01,24.59,30.65
2011-08-02,23.83,29.89
2011-08-03,23.56,30.04
2011-08-04,21.85,28.58
2011-08-05,21.63,28.08
2011-08-08,19.84,26.53
2011-08-09,21.84,28.03
2011-08-10,20.78,27.58
2011-08-11,22.06,28.72
2011-08-12,22.19,28.67
2011-08-15,23.16,29.34
2011-08-16,22.67,28.91
2011-08-17,23.08,29.09
2011-08-18,21.96,27.88
2011-08-19,21.68,27.45
2011-08-22,21.71,27.55
2011-08-23,22.74,28.27
2011-08-24,22.63,28.41
2011-08-25,22.25,28.17
2011-08-26,22.82,28.35
2011-08-29,23.49,28.94
2011-08-30,23.47,29.2
2011-08-31,23.69,29.54
2011-09-01,23.44,29.5
2011-09-02,22.83,28.97
2011-09-06,22.29,28.62
2011-09-07,23.18,29.19
2011-09-08,22.67,28.99
2011-09-09,21.93,28.09
2011-09-12,21.59,27.64
2011-09-13,21.64,27.91
2011-09-14,21.44,27.97
2011-09-15,21.83,28.54
2011-09-16,22.01,28.33
2011-09-19,21.37,27.75
2011-09-20,21.24,27.73
2011-09-21,20.44,26.73
2011-09-22,19.28,25.29
2011-09-23,19.42,25.08
2011-09-26,19.95,25.68
2011-09-27,20.59,26.17
2011-09-28,20.02,25.41
2011-09-29,20.1,25.57
2011-09-30,19.41,25.14
2011-10-03,18.75,24.21
2011-10-04,19.19,24.01
2011-10-05,19.76,25.07
2011-10-06,20.65,25.84
2011-10-07,20.78,25.4
2011-10-10,21.77,26.43
2011-10-11,21.72,26.24
2011-10-12,22.12,26.85
2011-10-13,22.2,26.48
2011-10-14,22.67,27.16
2011-10-17,22.03,26.46
2011-10-18,22.37,26.9
2011-10-19,21.95,26.32
2011-10-20,21.89,26.39
2011-10-21,22.37,26.88
2011-10-24,23.11,27.49
2011-10-25,22.47,27
2011-10-26,22.8,27.51
2011-10-27,24.51,28.6
2011-10-28,24.22,28.64
2011-10-31,23.09,27.89
2011-11-01,22.21,26.97
2011-11-02,22.49,27.33
2011-11-03,22.97,28.04
2011-11-04,22.86,27.7
2011-11-07,23.02,27.89
2011-11-08,23.32,28.06
2011-11-09,22.11,26.94
2011-11-10,22.48,26.96
2011-11-11,23.15,27.53
2011-11-14,22.59,27.23
2011-11-15,22.64,27.07
2011-11-16,22.13,26.93
2011-11-17,21.65,26.21
2011-11-18,21.61,26.25
2011-11-21,20.92,25.64
2011-11-22,20.93,25.66
2011-11-23,20.17,24.91
2011-11-25,20.05,24.61
2011-11-28,20.98,25.39
2011-11-29,21.24,25.79
2011-11-30,22.61,27.11
2011-12-01,22.39,27.05
2011-12-02,22.66,26.84
2011-12-05,23.04,27.06
2011-12-06,22.75,27.07
2011-12-07,22.88,27.23
2011-12-08,22.11,26.4
2011-12-09,22.5,26.76
2011-12-12,21.79,26.2
2011-12-13,21.52,25.68
2011-12-14,21.22,25.08
2011-12-15,21.24,25.09
2011-12-16,21.24,25.41
2011-12-19,20.71,25.05
2011-12-20,21.46,25.62
2011-12-21,21.47,25.86
2011-12-22,21.67,26.28
2011-12-23,21.79,26.4
2011-12-27,21.75,26.31
2011-12-28,21.11,25.9
2011-12-29,21.45,26.19
2011-12-30,21.44,26.6
2012-01-03,22.08,27.4
2012-01-04,22.34,27.35
2012-01-05,22.05,27.18
2012-01-06,21.76,26.9
2012-01-09,21.83,26.98
2012-01-10,22.25,27.33
2012-01-11,22.38,27.2
2012-01-12,22.48,27.34
2012-01-13,22.3,27.13
2012-01-17,22.48,27.29
2012-01-18,22.88,27.63
2012-01-19,22.84,27.79
2012-01-20,22.94,27.75
2012-01-23,23.02,28.24
2012-01-24,22.84,27.86
2012-01-25,23.43,28.35
2012-01-26,23.5,28.19
2012-01-27,23.6,28.26
2012-01-30,23.37,28.07
2012-01-31,23.42,28.11
2012-02-01,23.66,28.36
2012-02-02,23.67,28.46
2012-02-03,24.02,28.78
2012-02-06,23.87,28.61
2012-02-07,23.86,28.5
2012-02-08,23.9,28.51
2012-02-09,23.88,28.44
2012-02-10,23.27,28
2012-02-13,23.65,28.14
2012-02-14,23.33,28.03
2012-02-15,23.26,28.09
2012-02-16,23.37,28.48
2012-02-17,23.19,28.38
2012-02-21,23.52,28.75
2012-02-22,23.48,28.87
2012-02-23,23.72,29
2012-02-24,23.76,28.9
2012-02-27,23.8,28.85
2012-02-28,23.81,29.1
2012-02-29,23.75,29.02
2012-03-01,23.9,29.32
2012-03-02,23.72,29.05
2012-03-05,23.51,28.63
2012-03-06,22.74,27.91
2012-03-07,22.87,27.99
2012-03-08,23.2,28.48
2012-03-09,23.15,28.59
2012-03-12,22.96,28.34
2012-03-13,23.45,28.79
2012-03-14,23.18,28.32
2012-03-15,23.48,28.53
2012-03-16,23.62,28.72
2012-03-19,23.73,28.76
2012-03-20,23.22,28.53
2012-03-21,23.11,28.55
2012-03-22,22.88,28.11
2012-03-23,23.2,28.37
2012-03-26,23.56,28.87
2012-03-27,23.35,28.63
2012-03-28,23.38,28.36
2012-03-29,23.39,28.3
2012-03-30,23.51,28.34
2012-04-02,23.63,28.8
2012-04-03,23.26,28.37
2012-04-04,22.98,27.87
2012-04-05,23.12,27.71
2012-04-09,22.93,27.46
