timestamp,GLD,USO
26-04-2006,63.65,69.54
27-04-2006,62.96,68.7
28-04-2006,65.09,69.62
01-05-2006,65.16,71.5
02-05-2006,66.55,72.34
03-05-2006,66.46,70.22
04-05-2006,67.48,68.32
05-05-2006,67.99,68
08-05-2006,67.56,67.88
09-05-2006,69.68,68.4
10-05-2006,70.38,69.77
11-05-2006,71.03,70.3
12-05-2006,71.12,69.11
15-05-2006,67.41,66.63
16-05-2006,68.61,66.7
17-05-2006,68.15,65.7
18-05-2006,67.46,66.74
19-05-2006,65.58,65.57
22-05-2006,65.3,66.28
23-05-2006,66.38,67.77
24-05-2006,64.06,66.1
25-05-2006,64.7,67.8
26-05-2006,65.1,67.75
30-05-2006,65.11,68.32
31-05-2006,64.23,67.73
01-06-2006,62.56,66.82
02-06-2006,63.5,68.9
05-06-2006,63.29,68.74
06-06-2006,62.55,68.76
07-06-2006,62.28,67.28
08-06-2006,60.91,67.12
09-06-2006,60.45,68.07
12-06-2006,60.03,67.08
13-06-2006,55.92,65.18
14-06-2006,55.62,65.79
15-06-2006,57.32,66.16
16-06-2006,57.68,66.25
19-06-2006,56.36,65.54
20-06-2006,57.3,65.29
21-06-2006,58.33,66.35
22-06-2006,57.73,67
23-06-2006,57.99,66.89
26-06-2006,58.28,67.7
27-06-2006,57.68,68.08
28-06-2006,57.54,68.31
29-06-2006,59.52,69.51
30-06-2006,61.23,69.77
03-07-2006,62.18,69.93
05-07-2006,62.5,71
06-07-2006,63.02,70.77
07-07-2006,62.63,69.85
10-07-2006,62.02,69.56
11-07-2006,63.81,70.08
12-07-2006,64.92,71.14
13-07-2006,65.55,73.25
14-07-2006,65.85,73.22
17-07-2006,63.95,71.65
18-07-2006,62.9,70.75
19-07-2006,64.03,69.85
20-07-2006,62.54,69.1
21-07-2006,61.71,69.52
24-07-2006,61.14,70.17
25-07-2006,61.55,69
26-07-2006,62,69.17
27-07-2006,62.9,69.68
28-07-2006,63.11,68.5
31-07-2006,63.16,69.52
01-08-2006,64.32,70.15
02-08-2006,64.75,71.12
03-08-2006,64.12,70.56
04-08-2006,64.28,69.81
07-08-2006,64.5,72
08-08-2006,63.97,71.3
09-08-2006,64.63,71.17
10-08-2006,63.25,69.6
11-08-2006,62.71,69.73
14-08-2006,62.25,68.59
15-08-2006,62.01,68.21
16-08-2006,62.49,67.1
17-08-2006,61.03,66.05
18-08-2006,61.04,66.18
21-08-2006,62.44,67.42
22-08-2006,62.05,67.05
23-08-2006,61.83,66
24-08-2006,61.75,66.75
25-08-2006,61.77,66.55
28-08-2006,61,64.88
29-08-2006,60.94,64.19
30-08-2006,61.42,64.85
31-08-2006,62.29,64.8
01-09-2006,62.14,63.75
05-09-2006,63.36,63.31
06-09-2006,62.86,62.2
07-09-2006,61.25,61.89
08-09-2006,60.64,60.9
11-09-2006,58.5,60.03
12-09-2006,58.32,58.76
13-09-2006,58.62,59
14-09-2006,57.19,58.15
15-09-2006,57.4,58.04
18-09-2006,58.23,58.32
19-09-2006,56.92,56.25
20-09-2006,57.26,55.05
21-09-2006,57.95,55.89
22-09-2006,58.5,54.64
25-09-2006,58.5,55.67
26-09-2006,58.74,55.42
27-09-2006,59.81,57.16
28-09-2006,59.79,56.65
29-09-2006,59.47,57
02-10-2006,59.15,55.31
03-10-2006,57.11,53.24
04-10-2006,56.37,54.04
05-10-2006,56.92,54.59
06-10-2006,56.99,54.35
09-10-2006,57.2,54.6
10-10-2006,57,53.67
11-10-2006,56.88,52.65
12-10-2006,57.49,53.43
13-10-2006,58.57,53.65
16-10-2006,59.17,54.72
17-10-2006,58.65,53.99
18-10-2006,58.59,52.85
19-10-2006,59.41,53.9
20-10-2006,58.78,52.75
23-10-2006,57.76,52.37
24-10-2006,58.17,52.84
25-10-2006,58.76,54.7
26-10-2006,59.29,53.65
27-10-2006,59.4,54
30-10-2006,59.9,51.98
31-10-2006,60.24,52.1
01-11-2006,61.36,52.12
02-11-2006,61.92,51.5
03-11-2006,62.3,52.68
06-11-2006,61.89,53.45
07-11-2006,62.04,52.6
08-11-2006,61.11,53.4
09-11-2006,62.95,54.5
10-11-2006,62.49,53.3
13-11-2006,62.19,52.35
14-11-2006,61.63,52.14
15-11-2006,61.84,52.5
16-11-2006,61.31,50.59
17-11-2006,61.78,50.94
20-11-2006,61.77,50.97
21-11-2006,62.27,51.98
22-11-2006,62.5,51.31
24-11-2006,63.5,51.8
27-11-2006,63.7,52.3
28-11-2006,63.57,52.71
29-11-2006,63.16,54.14
30-11-2006,64.39,54.58
01-12-2006,64.12,55.05
04-12-2006,64.12,54.2
05-12-2006,63.81,54.3
06-12-2006,62.69,53.89
07-12-2006,62.73,53.86
08-12-2006,62.05,53.58
11-12-2006,62.57,53
12-12-2006,62.52,52.55
13-12-2006,62.48,52.88
14-12-2006,62.12,53.73
15-12-2006,61,54.3
18-12-2006,61.04,53.16
19-12-2006,61.8,54
20-12-2006,61.62,54.05
21-12-2006,61.38,53.34
22-12-2006,61.65,52.92
26-12-2006,61.98,51.64
27-12-2006,62.22,51.35
28-12-2006,62.9,51.3
29-12-2006,63.21,51.6
03-01-2007,62.28,49.4
04-01-2007,61.65,47.39
05-01-2007,60.17,47.83
08-01-2007,60.48,47.49
09-01-2007,60.85,47.3
10-01-2007,60.59,45.36
11-01-2007,60.63,44.34
12-01-2007,62.17,44.63
16-01-2007,61.97,43.34
17-01-2007,62.64,44.22
18-01-2007,62.26,43.23
19-01-2007,63,44.43
22-01-2007,62.72,43.84
23-01-2007,64.23,45.65
24-01-2007,64.33,46.1
25-01-2007,64.06,45.27
26-01-2007,64.17,46.28
29-01-2007,63.77,44.97
30-01-2007,64.22,47.36
31-01-2007,64.83,48.24
01-02-2007,65.22,47.84
02-02-2007,64.28,49.34
05-02-2007,64.31,49.1
06-02-2007,64.79,49.21
07-02-2007,64.63,48.25
08-02-2007,65.52,49.75
09-02-2007,66.12,49.99
12-02-2007,65.67,48.37
13-02-2007,65.84,49.36
14-02-2007,66.37,48.45
15-02-2007,66.41,48.35
16-02-2007,66.36,49.35
20-02-2007,65.31,48.67
21-02-2007,67.35,49.86
22-02-2007,67.15,50.33
23-02-2007,67.72,50.46
26-02-2007,68.1,50.9
27-02-2007,65.41,49.95
28-02-2007,66.48,51.18
01-03-2007,65.82,51.24
02-03-2007,63.71,51.01
05-03-2007,62.93,49.62
06-03-2007,64.15,50.32
07-03-2007,64.3,51.29
08-03-2007,64.48,51.29
09-03-2007,64.25,50.11
12-03-2007,64.37,49.35
13-03-2007,63.72,48.94
14-03-2007,63.94,49.14
15-03-2007,63.98,48.67
16-03-2007,64.62,48.42
19-03-2007,64.74,48.7
20-03-2007,65.27,48.46
21-03-2007,65.82,48.8
22-03-2007,65.76,50.18
23-03-2007,65.15,50.57
26-03-2007,65.84,51.17
27-03-2007,65.7,51.2
28-03-2007,66.05,52
29-03-2007,65.65,53.62
30-03-2007,65.74,53.35
02-04-2007,65.85,53.56
03-04-2007,65.83,52.46
04-04-2007,66.81,52.33
05-04-2007,66.86,52.01
09-04-2007,66.53,50.35
10-04-2007,67.16,50.61
11-04-2007,67.08,50.46
12-04-2007,66.99,51.65
13-04-2007,67.84,51.52
16-04-2007,68.4,51.2
17-04-2007,68,50.29
18-04-2007,68.38,50.14
19-04-2007,67.53,49.22
20-04-2007,68.7,50.05
23-04-2007,68.26,51.22
24-04-2007,67.73,50.39
25-04-2007,67.89,51.32
26-04-2007,66.87,50.94
27-04-2007,67.56,51.84
30-04-2007,67.09,51.24
01-05-2007,66.69,50.36
02-05-2007,66.66,49.59
03-05-2007,67.49,49.28
04-05-2007,68.19,48.3
07-05-2007,68.25,48.06
08-05-2007,67.88,48.64
09-05-2007,67.45,48.01
10-05-2007,66,48.15
11-05-2007,66.45,48.57
14-05-2007,66.28,48.56
15-05-2007,66.54,48.99
16-05-2007,65.6,48.53
17-05-2007,65.06,50.16
18-05-2007,65.52,50.1
21-05-2007,65.67,50.82
22-05-2007,65.2,49.92
23-05-2007,65.54,50.17
24-05-2007,64.75,48.93
25-05-2007,64.94,49.5
29-05-2007,65.07,48.4
30-05-2007,64.72,48.21
31-05-2007,65.54,48.96
01-06-2007,66.44,49.46
04-06-2007,66.54,50.35
05-06-2007,66.37,50.02
06-06-2007,66.41,50.31
07-06-2007,65.26,50.65
08-06-2007,64.22,49.06
11-06-2007,64.7,49.84
12-06-2007,64.1,49.56
13-06-2007,64.53,50.09
14-06-2007,64.6,51.1
15-06-2007,64.85,51.53
18-06-2007,64.95,52.14
19-06-2007,65.48,52.12
20-06-2007,64.71,51.55
21-06-2007,64.56,51.6
22-06-2007,64.78,51.89
25-06-2007,64.43,51.96
26-06-2007,63.62,51.12
27-06-2007,63.67,51.88
28-06-2007,64.26,52.47
29-06-2007,64.27,53
02-07-2007,65.02,53.53
03-07-2007,64.74,53.54
05-07-2007,64.42,54.15
06-07-2007,64.96,54.68
09-07-2007,65.38,54.35
10-07-2007,65.61,54.72
11-07-2007,65.44,54.66
12-07-2007,66.02,54.74
13-07-2007,66.03,55.54
16-07-2007,65.82,55.76
17-07-2007,65.75,55.64
18-07-2007,66.62,56.58
19-07-2007,67.01,57.08
20-07-2007,67.58,57
23-07-2007,67.47,56.38
24-07-2007,67.47,55.16
25-07-2007,66.9,57.44
26-07-2007,65.65,56.22
27-07-2007,65.41,57.74
30-07-2007,65.77,57.5
31-07-2007,65.79,58.53
01-08-2007,65.93,57.76
02-08-2007,65.89,57.7
03-08-2007,66.69,56.44
06-08-2007,66.52,54.2
07-08-2007,66.48,54.36
08-08-2007,66.77,54.27
09-08-2007,65.46,53.78
10-08-2007,66.57,53.64
13-08-2007,66.26,53.85
14-08-2007,66.29,54.23
15-08-2007,66.13,55.13
16-08-2007,64.68,53.58
17-08-2007,65.01,54.03
20-08-2007,65.12,53.54
21-08-2007,65.07,52.43
22-08-2007,65.4,52.35
23-08-2007,65.31,52.65
24-08-2007,66.11,53.64
27-08-2007,65.98,54.33
28-08-2007,65.59,54.03
29-08-2007,66.07,55.55
30-08-2007,65.8,55.5
31-08-2007,66.52,55.78
04-09-2007,67.44,56.75
05-09-2007,67.56,57.26
06-09-2007,68.86,57.63
07-09-2007,69.39,57.76
10-09-2007,69.62,58.79
11-09-2007,70.52,58.96
12-09-2007,70.46,60
13-09-2007,70.08,60.17
14-09-2007,69.99,59.79
17-09-2007,70.97,60.67
18-09-2007,71.7,62.05
19-09-2007,71.43,61.82
20-09-2007,72.72,62.65
21-09-2007,72.34,62.14
24-09-2007,72.28,61.82
25-09-2007,72.33,61.07
26-09-2007,72,61.7
27-09-2007,72.7,63.44
28-09-2007,73.51,62.55
01-10-2007,73.9,61.59
02-10-2007,72.35,61.63
03-10-2007,71.9,61.29
04-10-2007,72.87,62.61
05-10-2007,73.4,62.28
08-10-2007,72.53,60.76
09-10-2007,73.09,61.4
10-10-2007,73.36,62.4
11-10-2007,73.91,63.59
12-10-2007,74.59,64
15-10-2007,75.14,65.89
16-10-2007,75.12,66.98
17-10-2007,74.5,66.63
18-10-2007,76,68.17
19-10-2007,75.7,67.14
22-10-2007,74.6,66.54
23-10-2007,75.23,65.83
24-10-2007,75.52,67.98
25-10-2007,76.03,70.12
26-10-2007,77.69,71.17
29-10-2007,78.12,72.5
30-10-2007,77.35,69.54
31-10-2007,78.62,73.27
01-11-2007,77.93,72.17
02-11-2007,79.83,74.35
05-11-2007,79.75,73.54
06-11-2007,81.43,75.34
07-11-2007,82.24,74.48
08-11-2007,82.23,74.08
09-11-2007,82.18,74.77
12-11-2007,78.3,72.77
13-11-2007,79.12,70.93
14-11-2007,80.28,72.6
15-11-2007,77.95,72.3
16-11-2007,77.75,73.9
19-11-2007,77.24,74.49
20-11-2007,79.47,77.34
21-11-2007,79.36,76.44
23-11-2007,81.25,76.76
26-11-2007,81.3,76.25
27-11-2007,80.1,74.3
28-11-2007,79.57,71.8
29-11-2007,78.28,71.64
30-11-2007,77.32,69.91
03-12-2007,78.28,70.7
04-12-2007,79.4,69.4
05-12-2007,78.63,68.69
06-12-2007,79.37,71.02
07-12-2007,78.6,69.43
10-12-2007,80,69.36
11-12-2007,78.84,70.26
12-12-2007,80.49,73.9
13-12-2007,78.5,73.17
14-12-2007,78.52,72.26
17-12-2007,78.13,71.89
18-12-2007,79.25,71.11
19-12-2007,79.24,72.15
20-12-2007,78.67,72.1
21-12-2007,80.1,73.8
24-12-2007,80.14,73.95
26-12-2007,81.52,75.91
27-12-2007,81.56,76.25
28-12-2007,83,75.89
31-12-2007,82.46,75.76
02-01-2008,84.86,78.47
03-01-2008,85.57,78.37
04-01-2008,85.13,77.31
07-01-2008,84.77,75.5
08-01-2008,86.78,76.06
09-01-2008,86.55,75.25
10-01-2008,88.25,74.02
11-01-2008,88.58,73.09
14-01-2008,89.54,74.25
15-01-2008,87.99,72.78
16-01-2008,86.7,71.85
17-01-2008,86.5,71.03
18-01-2008,87.42,71.54
22-01-2008,88.17,70.55
23-01-2008,87.89,69.5
24-01-2008,90.08,70.93
25-01-2008,90.3,71.91
28-01-2008,91.75,72.35
29-01-2008,91.15,72.98
30-01-2008,92.06,73.08
31-01-2008,91.4,72.35
01-02-2008,89.35,70.47
04-02-2008,89.1,71.37
05-02-2008,87.68,70.15
06-02-2008,88.95,69.02
07-02-2008,89.85,69.8
08-02-2008,91,72.9
11-02-2008,91.33,74.55
12-02-2008,89.33,73.59
13-02-2008,89.44,74.11
14-02-2008,89.71,75.76
15-02-2008,89.15,75.93
19-02-2008,91.58,78.81
20-02-2008,93.24,79.32
21-02-2008,93.25,77.33
22-02-2008,93.39,78.6
25-02-2008,92.74,78.74
26-02-2008,93.71,80.1
27-02-2008,94.78,78.92
28-02-2008,95.99,81.48
29-02-2008,96.18,80.42
03-03-2008,97.24,81.32
04-03-2008,95.18,79.4
05-03-2008,97.72,83.3
06-03-2008,96.5,83.89
07-03-2008,96.09,83.73
10-03-2008,95.87,85.63
11-03-2008,95.99,86.34
12-03-2008,97.01,86.92
13-03-2008,98.34,87.21
14-03-2008,98.71,86.51
17-03-2008,99.17,83.3
18-03-2008,96.5,85.8
19-03-2008,93.04,82.29
20-03-2008,89.91,81.3
24-03-2008,90.1,80.26
25-03-2008,92.73,81.47
26-03-2008,93.8,84.81
27-03-2008,93.46,85.73
28-03-2008,91.88,84.37
31-03-2008,90.41,81.36
01-04-2008,86.86,81.06
02-04-2008,89.27,83.78
03-04-2008,89.42,83.65
04-04-2008,90.25,84.88
07-04-2008,91.17,86.93
08-04-2008,90.35,87.19
09-04-2008,92.29,88.9
10-04-2008,91.77,88.18
11-04-2008,91.3,88.48
14-04-2008,91.11,89.64
15-04-2008,91.66,91.44
16-04-2008,93.27,92.15
17-04-2008,92.56,92.37
18-04-2008,90.62,93.79
21-04-2008,90.25,94.38
22-04-2008,90.27,95.08
23-04-2008,89.22,95.18
24-04-2008,87.22,93.2
25-04-2008,87.27,95.66
28-04-2008,87.69,95.69
29-04-2008,85.81,92.99
30-04-2008,86.65,92.5
01-05-2008,83.99,90.38
02-05-2008,84.58,93.4
05-05-2008,86.27,96.74
06-05-2008,86.63,98.38
07-05-2008,85.82,99.8
08-05-2008,87.24,100.66
09-05-2008,87.42,102.12
12-05-2008,86.99,100.11
13-05-2008,85.39,101.71
14-05-2008,85.2,100.22
15-05-2008,87,100.21
16-05-2008,89.1,102.27
19-05-2008,89.39,102.8
20-05-2008,90.9,104.3
21-05-2008,91.96,108.31
22-05-2008,90.98,105.63
23-05-2008,91.23,106.95
27-05-2008,89.36,104.26
28-05-2008,89.14,105.92
29-05-2008,86.51,102.26
30-05-2008,87.45,103.06
02-06-2008,87.96,103.05
03-06-2008,86.88,100.65
04-06-2008,86.65,98.98
05-06-2008,86.45,103.95
06-06-2008,89.06,112.17
09-06-2008,87.99,109.05
10-06-2008,85.55,107.02
11-06-2008,87.02,110.99
12-06-2008,85.6,111.27
13-06-2008,85.83,109.2
16-06-2008,87.01,108.99
17-06-2008,87.25,108.68
18-06-2008,88.28,110.89
19-06-2008,88.42,106.91
20-06-2008,88.95,109.14
23-06-2008,87.09,110.92
24-06-2008,87.47,110.95
25-06-2008,87.42,108.5
26-06-2008,90.61,113.12
27-06-2008,91.47,113.75
30-06-2008,91.4,113.66
01-07-2008,92.66,114.59
02-07-2008,93.17,116.84
03-07-2008,92.06,116.82
07-07-2008,91.23,114.95
08-07-2008,90.86,109.92
09-07-2008,91.5,109.65
10-07-2008,93.53,114.34
11-07-2008,95.16,117.39
14-07-2008,95.91,117.48
15-07-2008,96.17,112.39
16-07-2008,94.44,109.25
17-07-2008,94.22,105.53
18-07-2008,94.17,104.44
21-07-2008,95.12,106.67
22-07-2008,93.06,103.32
23-07-2008,90.57,100.02
24-07-2008,91.33,101.46
25-07-2008,91.69,99.27
28-07-2008,91.73,100.54
29-07-2008,90.59,98.04
30-07-2008,89.52,102.13
31-07-2008,90.08,99.99
01-08-2008,89.57,101.04
04-08-2008,88.14,97.52
05-08-2008,86.08,95.59
06-08-2008,86.64,95.42
07-08-2008,86.09,96.44
08-08-2008,84.43,92.68
11-08-2008,81.13,92.51
12-08-2008,80.52,91.49
13-08-2008,81.56,93.75
14-08-2008,79.35,92.74
15-08-2008,77.63,91.8
18-08-2008,78.8,91.26
19-08-2008,80.43,92.74
20-08-2008,80.06,93.98
21-08-2008,82.3,98.21
22-08-2008,81.08,92.54
25-08-2008,80.93,93.1
26-08-2008,81.23,93.9
27-08-2008,81.36,95.66
28-08-2008,82.18,93.39
29-08-2008,81.71,92.87
02-09-2008,79.2,89.19
03-09-2008,78.89,88.44
04-09-2008,78.39,87.02
05-09-2008,78.98,86.06
08-09-2008,78.86,85.93
09-09-2008,76.49,82.35
10-09-2008,74.22,82.97
11-09-2008,73.08,81.49
12-09-2008,75.55,81.49
15-09-2008,77.56,76.3
16-09-2008,76.79,74.99
17-09-2008,85.46,77.5
18-09-2008,82.8,79.17
19-09-2008,85.98,82.63
22-09-2008,89.18,87.62
23-09-2008,88.32,86.13
24-09-2008,86.71,84.86
25-09-2008,86.45,86.69
26-09-2008,86.64,86.21
29-09-2008,89.57,77.09
30-09-2008,85.07,82.01
01-10-2008,85.97,79.59
02-10-2008,82.33,75.82
03-10-2008,82.59,75.25
06-10-2008,84.28,71.61
07-10-2008,87.27,72.49
08-10-2008,89.42,72.26
09-10-2008,89.9,69.6
10-10-2008,83.22,66.5
13-10-2008,81.99,67.78
14-10-2008,82.2,65.03
15-10-2008,83.31,60.73
16-10-2008,79.29,59.34
17-10-2008,77.21,59.37
20-10-2008,78.5,61.8
21-10-2008,76.03,58.77
22-10-2008,71.71,54.93
23-10-2008,70.65,56.6
24-10-2008,72.21,53
27-10-2008,72.18,50.85
28-10-2008,73.79,53.22
29-10-2008,74,55.68
30-10-2008,72.71,54
31-10-2008,71.34,55.59
03-11-2008,71.1,52.49
04-11-2008,75.48,57.38
05-11-2008,72.8,53.84
06-11-2008,72.22,50.15
07-11-2008,72.5,50.04
10-11-2008,73.58,51.23
11-11-2008,72.05,48.11
12-11-2008,70,45.75
13-11-2008,72.15,49
14-11-2008,73.3,46.18
17-11-2008,72.65,45.16
18-11-2008,72.51,44.77
19-11-2008,72.26,43.26
20-11-2008,73.45,39.55
21-11-2008,78.85,41
24-11-2008,80.91,44.13
25-11-2008,80.87,41.36
26-11-2008,80.38,44.54
28-11-2008,80.31,42.09
01-12-2008,75.65,39.89
02-12-2008,76.95,38.5
03-12-2008,76.18,38.05
04-12-2008,75.5,35.41
05-12-2008,74.52,34.25
08-12-2008,76.2,36.12
09-12-2008,76.33,34.45
10-12-2008,79.75,35.81
11-12-2008,80.65,38.64
12-12-2008,80.81,38.1
15-12-2008,82.6,36.84
16-12-2008,84.46,36.44
17-12-2008,85.43,34.81
18-12-2008,83.87,32.73
19-12-2008,82.63,33.06
22-12-2008,83.46,30.63
23-12-2008,82.63,30
24-12-2008,83.46,29.02
26-12-2008,85.6,29.1
29-12-2008,86.35,30.92
30-12-2008,85.9,30.2
31-12-2008,86.52,33.1
02-01-2009,86.23,35.63
05-01-2009,84.48,37.3
06-01-2009,85.13,37.25
07-01-2009,82.75,33.27
08-01-2009,84.46,33.2
09-01-2009,83.92,32.37
12-01-2009,80.76,30.65
13-01-2009,80.88,31.84
14-01-2009,79.79,31.23
15-01-2009,80.39,30.18
16-01-2009,82.71,29.86
20-01-2009,84.52,28.66
21-01-2009,84.15,31.03
22-01-2009,84.58,30.02
23-01-2009,88.53,32.33
26-01-2009,88.95,32.14
27-01-2009,88.38,29.5
28-01-2009,87.42,29.75
29-01-2009,89.5,29.22
30-01-2009,91.31,29.22
02-02-2009,88.84,28.4
03-02-2009,88.47,28.87
04-02-2009,89.18,28.27
05-02-2009,90.12,28.81
06-02-2009,89.59,28.2
09-02-2009,88.32,28.25
10-02-2009,90.21,26.91
11-02-2009,92.29,26.08
12-02-2009,93.17,26.13
13-02-2009,92.55,25.6
17-02-2009,95.45,23.46
18-02-2009,96.91,22.86
19-02-2009,95.77,24.28
20-02-2009,97.8,24.35
23-02-2009,97.73,23.32
24-02-2009,94.73,24.44
25-02-2009,93.15,26
26-02-2009,93.06,27.23
27-02-2009,92.63,27.05
02-03-2009,90.93,24.48
03-03-2009,90.04,25.39
04-03-2009,88.99,27.61
05-03-2009,91.99,26.56
06-03-2009,92.29,27.99
09-03-2009,90.57,28.65
10-03-2009,88.14,27.83
11-03-2009,89.22,26.3
12-03-2009,91.1,28.23
13-03-2009,91.3,27.63
16-03-2009,90.8,28.25
17-03-2009,90.04,29.44
18-03-2009,93.09,29.61
19-03-2009,94.35,30.36
20-03-2009,93.59,30.76
23-03-2009,92.08,31.78
24-03-2009,90.95,31.61
25-03-2009,91.98,31.21
26-03-2009,91.93,32.02
27-03-2009,90.69,30.75
30-03-2009,89.98,28.7
31-03-2009,90.28,29.05
01-04-2009,91.03,28.58
02-04-2009,88.8,30.98
03-04-2009,87.59,30.93
06-04-2009,85.27,30.23
07-04-2009,86.74,28.94
08-04-2009,86.61,29.49
09-04-2009,86.31,30.69
13-04-2009,87.88,29.68
14-04-2009,87.37,29.21
15-04-2009,87.5,29.31
16-04-2009,85.81,29.29
17-04-2009,85.22,29.45
20-04-2009,86.95,27.22
21-04-2009,86.89,27.33
22-04-2009,87.38,27.34
23-04-2009,88.8,27.88
24-04-2009,89.72,28.9
27-04-2009,89.01,28.08
28-04-2009,87.75,27.85
29-04-2009,88.33,28.56
30-04-2009,87.27,28.63
01-05-2009,86.95,29.62
04-05-2009,88.64,30.56
05-05-2009,88.25,30.15
06-05-2009,89.54,31.43
07-05-2009,89.44,31.49
08-05-2009,89.98,32.49
11-05-2009,89.69,32.29
12-05-2009,90.7,32.63
13-05-2009,91.09,32.19
14-05-2009,91.03,32.4
15-05-2009,91.55,31.3
18-05-2009,90.36,32.71
19-05-2009,90.96,32.79
20-05-2009,92.25,33.87
21-05-2009,93.85,33.38
22-05-2009,94.15,33.7
26-05-2009,93.76,34.11
27-05-2009,93.45,34.58
28-05-2009,94.24,35.34
29-05-2009,96.2,36.4
01-06-2009,95.73,37.43
02-06-2009,96.36,37.61
03-06-2009,94.41,36.25
04-06-2009,96.23,37.69
05-06-2009,93.71,37.4
08-06-2009,93.56,37.54
09-06-2009,93.83,38.19
10-06-2009,93.86,38.97
11-06-2009,93.7,39.68
12-06-2009,92.17,39.43
15-06-2009,91.1,38.52
16-06-2009,91.93,38.51
17-06-2009,92.35,38.7
18-06-2009,91.61,38.85
19-06-2009,91.9,37.97
22-06-2009,90.54,36.25
23-06-2009,90.92,37.41
24-06-2009,91.45,37.09
25-06-2009,92.31,38.05
26-06-2009,92.29,37.51
29-06-2009,92.04,38.67
30-06-2009,91.18,37.93
01-07-2009,92.39,37.46
02-07-2009,91.25,36.05
06-07-2009,90.76,34.71
07-07-2009,90.71,33.81
08-07-2009,89.27,32.57
09-07-2009,89.51,32.77
10-07-2009,89.58,32.38
13-07-2009,90.19,32.37
14-07-2009,90.81,32.11
15-07-2009,92.24,33.47
16-07-2009,91.98,33.56
17-07-2009,91.93,34.24
20-07-2009,93.28,34.83
21-07-2009,93.13,34.94
22-07-2009,93.44,34.81
23-07-2009,93.26,35.79
24-07-2009,93.41,36.22
27-07-2009,93.71,36.32
28-07-2009,92.11,35.76
29-07-2009,91.2,33.47
30-07-2009,91.62,35.49
31-07-2009,93.35,36.81
03-08-2009,93.87,37.92
04-08-2009,94.68,37.97
05-08-2009,94.78,38.2
06-08-2009,94.6,38.27
07-08-2009,93.75,37.65
10-08-2009,92.93,37.71
11-08-2009,92.79,36.86
12-08-2009,92.95,37.35
13-08-2009,93.72,37.8
14-08-2009,93,36.03
17-08-2009,91.61,35.52
18-08-2009,92.06,36.86
19-08-2009,92.53,38.12
20-08-2009,92.27,37.67
21-08-2009,93.65,38.23
24-08-2009,92.34,38.3
25-08-2009,92.76,37.17
26-08-2009,92.79,36.95
27-08-2009,93.19,37.72
28-08-2009,93.87,37.66
31-08-2009,93.4,36.05
01-09-2009,93.9,35.27
02-09-2009,96.19,35.18
03-09-2009,97.46,35.32
04-09-2009,97.53,35.13
08-09-2009,97.43,36.94
09-09-2009,97.08,36.94
10-09-2009,97.7,37.37
11-09-2009,98.78,35.82
14-09-2009,97.96,35.71
15-09-2009,98.9,36.7
16-09-2009,99.91,37.43
17-09-2009,99.34,37.49
18-09-2009,98.67,37.12
21-09-2009,98.36,35.85
22-09-2009,99.67,36.98
23-09-2009,98.83,35.13
24-09-2009,97.55,33.97
25-09-2009,97,34
28-09-2009,97.05,34.51
29-09-2009,97.43,34.31
30-09-2009,98.85,36.19
01-10-2009,97.89,36.23
02-10-2009,98.37,35.87
05-10-2009,99.82,36.18
06-10-2009,102.28,36.54
07-10-2009,102.36,35.96
08-10-2009,103.64,36.68
09-10-2009,102.84,37.16
12-10-2009,103.56,37.69
13-10-2009,104.26,38.15
14-10-2009,104.18,38.61
15-10-2009,102.86,39.91
16-10-2009,103.18,40.45
19-10-2009,104.23,40.76
20-10-2009,103.42,40.39
21-10-2009,103.75,41.33
22-10-2009,103.92,41.47
23-10-2009,103.49,40.91
26-10-2009,101.86,40.13
27-10-2009,101.85,40.59
28-10-2009,100.73,39.46
29-10-2009,102.69,40.9
30-10-2009,102.53,39.32
02-11-2009,103.95,39.97
03-11-2009,106.46,40.62
04-11-2009,107.1,40.99
05-11-2009,106.98,40.8
06-11-2009,107.43,39.7
09-11-2009,108.19,40.5
10-11-2009,108.39,40.41
11-11-2009,109.6,40.55
12-11-2009,108.21,39.27
13-11-2009,109.74,39.12
16-11-2009,111.63,40.29
17-11-2009,111.97,40.48
18-11-2009,112.25,40.67
19-11-2009,112.3,39.66
20-11-2009,112.94,39.42
23-11-2009,114.29,39.38
24-11-2009,114.73,38.58
25-11-2009,116.62,39.5
27-11-2009,115.06,38.5
30-11-2009,115.64,39.15
01-12-2009,117.38,39.62
02-12-2009,119.18,38.84
03-12-2009,118.7,38.52
04-12-2009,113.75,38.33
07-12-2009,113.11,37.49
08-12-2009,110.95,36.85
09-12-2009,110.84,35.87
10-12-2009,110.82,35.73
11-12-2009,109.32,35.48
14-12-2009,110.24,35.58
15-12-2009,110.21,35.93
16-12-2009,111.59,36.74
17-12-2009,107.34,36.36
18-12-2009,108.95,36.66
21-12-2009,106.95,36.16
22-12-2009,106.17,36.56
23-12-2009,106.55,37.74
24-12-2009,108.36,38.2
28-12-2009,108.55,38.86
29-12-2009,107.47,38.84
30-12-2009,106.93,39.14
31-12-2009,107.31,39.28
04-01-2010,109.8,40.27
05-01-2010,109.7,40.41
06-01-2010,111.51,40.97
07-01-2010,110.82,40.72
08-01-2010,111.37,40.93
11-01-2010,112.85,40.54
12-01-2010,110.49,39.63
13-01-2010,111.54,39.21
14-01-2010,112.03,39.06
15-01-2010,110.86,38.4
19-01-2010,111.52,38.93
20-01-2010,108.94,37.89
21-01-2010,107.37,37.24
22-01-2010,107.17,36.34
25-01-2010,107.48,36.81
26-01-2010,107.56,36.5
27-01-2010,106.53,36.08
28-01-2010,106.48,36.16
29-01-2010,105.96,35.64
01-02-2010,108.35,36.72
02-02-2010,109.13,37.53
03-02-2010,108.7,37.65
04-02-2010,104.37,35.8
05-02-2010,104.68,35.21
08-02-2010,104.04,35.09
09-02-2010,105.41,36.21
10-02-2010,105.12,36.51
11-02-2010,107.13,36.78
12-02-2010,107.04,36.31
16-02-2010,109.62,37.79
17-02-2010,109.25,37.97
18-02-2010,109.98,38.73
19-02-2010,109.47,39.09
22-02-2010,109.07,39.03
23-02-2010,107.89,38.33
24-02-2010,107.36,38.99
25-02-2010,108.31,38.11
26-02-2010,109.43,38.82
01-03-2010,109.43,38.35
02-03-2010,111.02,38.8
03-03-2010,111.63,39.4
04-03-2010,110.83,39.15
05-03-2010,110.81,39.85
08-03-2010,109.88,39.79
09-03-2010,109.72,39.55
10-03-2010,108.47,39.9
11-03-2010,108.6,40.05
12-03-2010,107.95,39.51
15-03-2010,108.36,38.83
16-03-2010,110.4,39.79
17-03-2010,109.59,40.23
18-03-2010,110.34,39.92
19-03-2010,108.28,39.2
22-03-2010,107.75,39.56
23-03-2010,108.32,39.7
24-03-2010,106.3,38.94
25-03-2010,106.78,38.9
26-03-2010,108.59,38.83
29-03-2010,108.75,39.96
30-03-2010,107.97,39.95
31-03-2010,108.95,40.29
01-04-2010,110.26,41.24
05-04-2010,110.89,42.07
06-04-2010,111.03,42.02
07-04-2010,112.49,41.52
08-04-2010,112.65,41.44
09-04-2010,113.64,41.17
12-04-2010,113.01,40.93
13-04-2010,112.69,40.89
14-04-2010,113.03,41.76
15-04-2010,113.65,41.71
16-04-2010,111.24,40.6
19-04-2010,111.15,40.11
20-04-2010,111.46,40.3
21-04-2010,112.31,40.27
22-04-2010,111.84,40.3
23-04-2010,113.19,40.95
26-04-2010,112.75,40.35
27-04-2010,114.63,39.37
28-04-2010,114.31,39.97
29-04-2010,114.28,41.04
30-04-2010,115.36,41.33
03-05-2010,115.73,41.46
04-05-2010,114.87,39.7
05-05-2010,115.09,38.31
06-05-2010,118.49,36.96
07-05-2010,118.27,36.31
10-05-2010,117.57,37.23
11-05-2010,120.66,36.76
12-05-2010,121.4,36.77
13-05-2010,120.56,36.13
14-05-2010,120.37,34.81
17-05-2010,119.36,33.88
18-05-2010,119.49,33.47
19-05-2010,116.63,33.51
20-05-2010,115.84,32.2
21-05-2010,115.22,32.27
24-05-2010,116.84,32.17
25-05-2010,117.36,31.85
26-05-2010,118.47,32.59
27-05-2010,118.69,34.31
28-05-2010,118.88,34.04
01-06-2010,119.91,33.18
02-06-2010,119.78,33.79
03-06-2010,117.96,34.26
04-06-2010,119.19,32.68
07-06-2010,121.49,32.59
08-06-2010,121,33.19
09-06-2010,120.56,33.95
10-06-2010,118.97,34.77
11-06-2010,120.01,34.23
14-06-2010,119.6,34.33
15-06-2010,120.99,35.23
16-06-2010,120.33,35.49
17-06-2010,121.9,35.14
18-06-2010,122.83,35.41
21-06-2010,120.39,35.33
22-06-2010,121.45,35
23-06-2010,120.95,34.24
24-06-2010,121.3,34.39
25-06-2010,122.76,35.66
28-06-2010,121.09,35.21
29-06-2010,121.27,34.17
30-06-2010,121.68,33.96
01-07-2010,117.04,32.87
02-07-2010,118.49,32.6
06-07-2010,116.51,32.61
07-07-2010,117.73,33.65
08-07-2010,117.21,34.23
09-07-2010,118.36,34.34
12-07-2010,117.34,33.78
13-07-2010,118.36,34.74
14-07-2010,118.3,34.66
15-07-2010,118.23,34.58
16-07-2010,116.67,34.16
19-07-2010,115.73,34.46
20-07-2010,116.65,34.82
21-07-2010,115.85,34.2
22-07-2010,116.86,35.42
23-07-2010,116.09,35.39
26-07-2010,115.52,35.35
27-07-2010,113.51,34.67
28-07-2010,113.78,34.36
29-07-2010,114.29,35.06
30-07-2010,115.49,35.34
02-08-2010,115.54,36.48
03-08-2010,115.99,36.91
04-08-2010,116.72,36.9
05-08-2010,116.98,36.71
06-08-2010,117.84,36.2
09-08-2010,117.4,36.53
10-08-2010,117.73,35.87
11-08-2010,117.34,34.74
12-08-2010,118.77,33.92
13-08-2010,118.74,33.79
16-08-2010,119.73,33.61
17-08-2010,119.75,33.87
18-08-2010,120.22,33.68
19-08-2010,120.39,33.25
20-08-2010,119.97,32.95
23-08-2010,119.78,32.43
24-08-2010,120.36,31.77
25-08-2010,121.36,32.37
26-08-2010,120.96,32.62
27-08-2010,121.01,33.57
30-08-2010,120.91,33.02
31-08-2010,122.08,31.92
01-09-2010,121.69,32.95
02-09-2010,122.29,33.39
03-09-2010,121.86,33.09
07-09-2010,122.7,32.77
08-09-2010,122.71,33.14
09-09-2010,121.56,32.89
10-09-2010,121.73,33.77
13-09-2010,121.62,34.03
14-09-2010,124.02,33.89
15-09-2010,123.94,33.49
16-09-2010,124.63,32.98
17-09-2010,124.54,32.65
20-09-2010,124.87,33.22
21-09-2010,126.01,32.65
22-09-2010,126.2,32.58
23-09-2010,126.3,32.67
24-09-2010,126.69,33.4
27-09-2010,126.72,33.24
28-09-2010,127.85,33.19
29-09-2010,127.95,33.94
30-09-2010,127.91,34.84
01-10-2010,128.91,35.63
04-10-2010,128.46,35.59
05-10-2010,130.99,36.09
06-10-2010,131.81,36.28
07-10-2010,130.37,35.46
08-10-2010,131.66,36.15
11-10-2010,132.29,35.6
12-10-2010,131.96,35.65
13-10-2010,134.07,36.16
14-10-2010,134.75,36
15-10-2010,133.68,35.47
18-10-2010,134.28,36.28
19-10-2010,130.11,34.62
20-10-2010,131.32,35.59
21-10-2010,129.47,34.85
22-10-2010,129.73,35.49
25-10-2010,130.85,35.57
26-10-2010,130.88,35.68
27-10-2010,129.52,35.42
28-10-2010,131.24,35.39
29-10-2010,132.62,35.17
01-11-2010,131.92,35.81
02-11-2010,132.49,36.27
03-11-2010,131.57,36.74
04-11-2010,136.03,37.49
05-11-2010,136.38,37.65
08-11-2010,137.78,37.53
09-11-2010,135.59,37.05
10-11-2010,137.24,38.04
11-11-2010,137.66,37.84
12-11-2010,133.69,36.47
15-11-2010,132.42,36.5
16-11-2010,130.97,35.45
17-11-2010,130.38,34.73
18-11-2010,132.09,35.5
19-11-2010,132.2,35.22
22-11-2010,133.48,35.05
23-11-2010,134.41,34.95
24-11-2010,134.18,36.08
26-11-2010,133.11,35.97
29-11-2010,133.51,36.78
30-11-2010,135.42,36.04
01-12-2010,135.38,37.2
02-12-2010,135.2,37.77
03-12-2010,138.07,38.31
06-12-2010,139.11,38.22
07-12-2010,136.5,37.8
08-12-2010,134.79,37.96
09-12-2010,135.37,37.94
10-12-2010,135.41,37.66
13-12-2010,136.05,37.89
14-12-2010,136.18,37.9
15-12-2010,134.7,37.99
16-12-2010,133.81,37.77
17-12-2010,134.2,37.81
20-12-2010,135.11,38.05
21-12-2010,135.32,38.29
22-12-2010,135.05,38.64
23-12-2010,134.66,38.98
27-12-2010,135.02,38.71
28-12-2010,137.22,38.91
29-12-2010,137.71,38.82
30-12-2010,137.03,38.12
31-12-2010,138.72,39
03-01-2011,138,39.05
04-01-2011,134.75,38.08
05-01-2011,134.37,38.52
06-01-2011,133.83,37.68
07-01-2011,133.58,37.67
10-01-2011,134.12,38.17
11-01-2011,134.91,38.88
12-01-2011,135.46,38.99
13-01-2011,134.05,38.65
14-01-2011,132.69,38.92
18-01-2011,133.43,38.73
19-01-2011,133.72,38.54
20-01-2011,131.2,37.57
21-01-2011,131.03,37.51
24-01-2011,130.36,36.93
25-01-2011,130.1,36.27
26-01-2011,131.16,36.85
27-01-2011,127.93,35.94
28-01-2011,130.28,37.58
31-01-2011,129.87,38.61
01-02-2011,130.8,38.07
02-02-2011,130.45,38.18
03-02-2011,132.2,38.09
04-02-2011,131.66,37.34
07-02-2011,131.68,36.66
08-02-2011,133.14,36.64
09-02-2011,133.07,36.5
10-02-2011,132.85,36.54
11-02-2011,132.32,36.05
14-02-2011,132.95,35.88
15-02-2011,133.97,35.39
16-02-2011,134.1,35.53
17-02-2011,135.04,36.06
18-02-2011,135.41,36.36
22-02-2011,136.29,38.49
23-02-2011,137.51,39.8
24-02-2011,136.48,38.97
25-02-2011,137.38,39.68
28-02-2011,137.66,39.19
01-03-2011,140.03,40.48
02-03-2011,139.92,41.39
03-03-2011,138.09,41.18
04-03-2011,139.35,42.33
07-03-2011,139.72,42.37
08-03-2011,139.36,42.31
09-03-2011,139.41,42.05
10-03-2011,137.77,41.4
11-03-2011,138.22,40.69
14-03-2011,138.86,40.91
15-03-2011,136.27,39.39
16-03-2011,136.24,39.68
17-03-2011,136.97,40.69
18-03-2011,138.37,40.97
21-03-2011,139.14,41.13
22-03-2011,139.05,41.93
23-03-2011,140.34,42.11
24-03-2011,139.22,42.05
25-03-2011,139.26,42.18
28-03-2011,138.54,41.42
29-03-2011,138.21,41.83
30-03-2011,138.67,41.66
31-03-2011,139.86,42.6
01-04-2011,139.2,43.17
04-04-2011,139.84,43.26
05-04-2011,142.05,43.1
06-04-2011,142.38,43.37
07-04-2011,142.51,43.99
08-04-2011,143.66,45.15
11-04-2011,142.64,43.64
12-04-2011,141.61,42.3
13-04-2011,141.9,42.75
14-04-2011,143.81,43.28
15-04-2011,145.05,43.71
18-04-2011,145.93,42.88
19-04-2011,145.93,42.95
20-04-2011,146.5,44.22
21-04-2011,146.74,44.57
25-04-2011,146.87,44.53
26-04-2011,146.38,44.48
27-04-2011,149.2,45.02
28-04-2011,149.82,44.83
29-04-2011,152.37,45.15
02-05-2011,150.41,44.93
03-05-2011,149.88,44.08
04-05-2011,147.73,43.26
05-05-2011,143.47,39.32
06-05-2011,145.3,38.87
09-05-2011,147.38,40.87
10-05-2011,147.9,41.08
11-05-2011,146.54,39.35
12-05-2011,146.59,39.28
13-05-2011,145.63,39.44
16-05-2011,145.37,38.51
17-05-2011,144.74,38.55
18-05-2011,145.6,39.5
19-05-2011,145.65,39.07
20-05-2011,147.49,39.47
23-05-2011,147.83,38.47
24-05-2011,148.59,39.28
25-05-2011,148.58,39.93
26-05-2011,148.22,39.6
27-05-2011,149.7,39.71
31-05-2011,149.64,40.5
01-06-2011,149.91,39.52
02-06-2011,149.5,39.68
03-06-2011,150.22,39.66
06-06-2011,150.48,39
07-06-2011,150.42,39.05
08-06-2011,149.81,39.85
09-06-2011,150.56,40.14
10-06-2011,149.24,39.07
13-06-2011,147.77,38.26
14-06-2011,148.67,39.1
15-06-2011,149.12,37.58
16-06-2011,148.97,37.42
17-06-2011,149.94,36.63
20-06-2011,150.03,36.72
21-06-2011,150.76,36.79
22-06-2011,150.99,37.1
23-06-2011,148.34,36.01
24-06-2011,146.26,35.81
27-06-2011,145.73,35.64
28-06-2011,146.24,36.42
29-06-2011,147.18,37.23
30-06-2011,146,37.24
01-07-2011,144.93,37.15
05-07-2011,147.63,37.96
06-07-2011,148.91,37.89
07-07-2011,149.15,38.61
08-07-2011,150.25,37.8
11-07-2011,151.59,37.29
12-07-2011,152.77,37.93
13-07-2011,154.14,38.35
14-07-2011,154.54,37.55
15-07-2011,155.2,38.13
18-07-2011,156.57,37.59
19-07-2011,154.66,38.25
20-07-2011,156.02,38.4
21-07-2011,154.83,38.72
22-07-2011,156.12,38.93
25-07-2011,157.34,38.68
26-07-2011,157.77,38.81
27-07-2011,157.19,37.97
28-07-2011,157.32,37.91
29-07-2011,158.29,37.42
01-08-2011,157.72,37.2
02-08-2011,161.52,36.4
03-08-2011,161.49,35.86
04-08-2011,160.64,33.73
05-08-2011,161.75,33.95
08-08-2011,167.12,31.51
09-08-2011,168.61,31.62
10-08-2011,174.58,31.78
11-08-2011,170.75,33.3
12-08-2011,169.97,33.23
15-08-2011,171.8,34.22
16-08-2011,173.92,33.83
17-08-2011,174.42,34.01
18-08-2011,177.72,31.72
19-08-2011,179.95,32.12
22-08-2011,184.59,32.72
23-08-2011,177.67,33.42
24-08-2011,171.65,33.08
25-08-2011,172.36,32.97
26-08-2011,177.47,33.15
29-08-2011,173.89,33.96
30-08-2011,179.1,34.44
31-08-2011,177.72,34.51
01-09-2011,177.87,34.47
02-09-2011,183.24,33.64
06-09-2011,182.9,33.59
07-09-2011,177.08,34.69
08-09-2011,181.81,34.46
09-09-2011,180.7,33.85
12-09-2011,176.67,34.42
13-09-2011,178.54,34.85
14-09-2011,177.21,34.34
15-09-2011,174.4,34.6
16-09-2011,176.03,34.14
19-09-2011,173.31,33.29
20-09-2011,175.78,33.43
21-09-2011,173.59,32.92
22-09-2011,169.05,31.13
23-09-2011,159.8,31.09
26-09-2011,157.58,31.47
27-09-2011,160.63,32.37
28-09-2011,156.22,31.25
29-09-2011,157.7,31.97
30-09-2011,158.06,30.49
03-10-2011,160.96,29.74
04-10-2011,157.64,29.91
05-10-2011,159.46,30.84
06-10-2011,160.49,31.98
07-10-2011,159.18,32.04
10-10-2011,163.27,33.24
11-10-2011,162.1,33.01
12-10-2011,163.26,32.92
13-10-2011,162.3,32.65
14-10-2011,163.4,33.87
17-10-2011,162.62,33.43
18-10-2011,161.84,34.15
19-10-2011,159.87,33.31
20-10-2011,157.77,33.33
21-10-2011,159.52,33.85
24-10-2011,161.02,35.38
25-10-2011,165.59,35.8
26-10-2011,167.4,35.06
27-10-2011,169.55,36.21
28-10-2011,169.62,36.03
31-10-2011,167.34,35.74
01-11-2011,167.38,35.2
02-11-2011,169.06,35.67
03-11-2011,171.72,36.32
04-11-2011,170.85,36.46
07-11-2011,174.98,37.09
08-11-2011,173.53,37.43
09-11-2011,172.07,37
10-11-2011,171.14,37.72
11-11-2011,173.96,38.21
14-11-2011,173.2,37.86
15-11-2011,173.36,38.43
16-11-2011,171.51,39.34
17-11-2011,167.1,38.23
18-11-2011,167.62,37.82
21-11-2011,163.5,37.59
22-11-2011,165.31,37.82
23-11-2011,164.83,37.16
25-11-2011,163.4,37.16
28-11-2011,166.63,37.85
29-11-2011,166.88,38.55
30-11-2011,170.13,38.78
01-12-2011,169.63,38.61
02-12-2011,169.82,39.03
05-12-2011,167.32,39.01
06-12-2011,168.18,39
07-12-2011,169.4,38.81
08-12-2011,165.98,37.78
09-12-2011,166.4,38.5
12-12-2011,161.99,37.88
13-12-2011,158.45,38.61
14-12-2011,152.89,36.66
15-12-2011,152.33,36.13
16-12-2011,155.23,36.27
19-12-2011,154.87,36.2
20-12-2011,156.98,37.56
21-12-2011,157.16,38.11
22-12-2011,156.04,38.28
23-12-2011,156.31,38.49
27-12-2011,154.91,39.06
28-12-2011,151.03,38.34
29-12-2011,150.34,38.41
30-12-2011,151.99,38.11
03-01-2012,155.92,39.69
04-01-2012,156.71,39.77
05-01-2012,157.78,39.17
06-01-2012,157.2,39.22
09-01-2012,156.5,39.08
10-01-2012,158.64,39.34
11-01-2012,159.67,38.92
12-01-2012,160.38,38.06
13-01-2012,159.26,38.16
17-01-2012,160.5,38.79
18-01-2012,161.6,38.83
19-01-2012,161.22,38.69
20-01-2012,162.07,37.78
23-01-2012,163.16,38.39
24-01-2012,162.01,38.1
25-01-2012,166.42,38.35
26-01-2012,167.27,38.37
27-01-2012,168.97,38.3
30-01-2012,168.03,38.01
31-01-2012,169.31,37.82
01-02-2012,169.56,37.38
02-02-2012,171.05,37.13
03-02-2012,167.64,37.59
06-02-2012,167.18,37.33
07-02-2012,169.7,37.95
08-02-2012,168.5,38.04
09-02-2012,168.02,38.33
10-02-2012,167.14,38.02
13-02-2012,167.51,38.69
14-02-2012,167.12,38.84
15-02-2012,168.11,39.18
16-02-2012,168,39.28
17-02-2012,167.35,39.75
21-02-2012,171.02,40.58
22-02-2012,172.94,40.59
23-02-2012,173.02,41.37
24-02-2012,172.23,42.01
27-02-2012,171.7,41.18
28-02-2012,173.49,40.79
29-02-2012,164.29,40.92
01-03-2012,166.61,41.75
02-03-2012,166.34,40.77
05-03-2012,165.65,40.97
06-03-2012,162.7,40.13
07-03-2012,163.63,40.61
08-03-2012,165.28,40.82
09-03-2012,166.38,41.09
12-03-2012,165.07,40.7
13-03-2012,162.3,40.83
14-03-2012,159.57,40.41
15-03-2012,161.08,40.28
16-03-2012,161.3,41.03
19-03-2012,161.59,41.29
20-03-2012,160.13,40.43
21-03-2012,160.21,40.66
22-03-2012,159.57,40.14
23-03-2012,161.53,40.69
26-03-2012,164.4,40.77
27-03-2012,163.24,40.71
28-03-2012,161.51,40.19
29-03-2012,161.28,39.29
30-03-2012,162.12,39.23
02-04-2012,162.94,40.03
03-04-2012,159.89,39.66
04-04-2012,157.21,38.84
05-04-2012,158.31,39.26
09-04-2012,159.37,38.97
